0xDe6ab16a4015c680daab58021815D09ddB57db8E,0xDe6ab16a4015c680daab58021815D09ddB57db8E,1,0,0x8F56682a50BECB1df2Fb8136954f2062871bc7fc,9981240,1,
0xDe6ab16a4015c680daab58021815D09ddB57db8E,0xDe6ab16a4015c680daab58021815D09ddB57db8E,2,1,0x8F56682a50BECB1df2Fb8136954f2062871bc7fc,9998255,1,
0xDe6ab16a4015c680daab58021815D09ddB57db8E,0xDe6ab16a4015c680daab58021815D09ddB57db8E,3,2,0x8F56682a50BECB1df2Fb8136954f2062871bc7fc,9998259,1,
0xDe6ab16a4015c680daab58021815D09ddB57db8E,0xDe6ab16a4015c680daab58021815D09ddB57db8E,4,3,0x8F56682a50BECB1df2Fb8136954f2062871bc7fc,9998261,1,
0xDe6ab16a4015c680daab58021815D09ddB57db8E,0xDe6ab16a4015c680daab58021815D09ddB57db8E,5,4,0x8F56682a50BECB1df2Fb8136954f2062871bc7fc,9998263,1,
0xDe6ab16a4015c680daab58021815D09ddB57db8E,0xDe6ab16a4015c680daab58021815D09ddB57db8E,6,5,0x8F56682a50BECB1df2Fb8136954f2062871bc7fc,9998265,1,
0xDe6ab16a4015c680daab58021815D09ddB57db8E,0xDe6ab16a4015c680daab58021815D09ddB57db8E,8,7,0x8F56682a50BECB1df2Fb8136954f2062871bc7fc,9998267,1,
0xDe6ab16a4015c680daab58021815D09ddB57db8E,0xDe6ab16a4015c680daab58021815D09ddB57db8E,9,8,0x8F56682a50BECB1df2Fb8136954f2062871bc7fc,9998270,1,
0xDe6ab16a4015c680daab58021815D09ddB57db8E,0xDe6ab16a4015c680daab58021815D09ddB57db8E,10,9,0x8F56682a50BECB1df2Fb8136954f2062871bc7fc,9998275,1,
0xDe6ab16a4015c680daab58021815D09ddB57db8E,0xDe6ab16a4015c680daab58021815D09ddB57db8E,11,10,0x8F56682a50BECB1df2Fb8136954f2062871bc7fc,9998279,1,
0xDe6ab16a4015c680daab58021815D09ddB57db8E,0xDe6ab16a4015c680daab58021815D09ddB57db8E,12,11,0x8F56682a50BECB1df2Fb8136954f2062871bc7fc,9998284,1,
0xDe6ab16a4015c680daab58021815D09ddB57db8E,0xDe6ab16a4015c680daab58021815D09ddB57db8E,13,12,0x8F56682a50BECB1df2Fb8136954f2062871bc7fc,9998286,1,
0xDe6ab16a4015c680daab58021815D09ddB57db8E,0xDe6ab16a4015c680daab58021815D09ddB57db8E,14,13,0x8F56682a50BECB1df2Fb8136954f2062871bc7fc,9998289,1,
0xDe6ab16a4015c680daab58021815D09ddB57db8E,0xDe6ab16a4015c680daab58021815D09ddB57db8E,15,14,0x8F56682a50BECB1df2Fb8136954f2062871bc7fc,9998291,1,
0xDe6ab16a4015c680daab58021815D09ddB57db8E,0xDe6ab16a4015c680daab58021815D09ddB57db8E,19,15,0x8F56682a50BECB1df2Fb8136954f2062871bc7fc,9998294,1,
0xDe6ab16a4015c680daab58021815D09ddB57db8E,0xDe6ab16a4015c680daab58021815D09ddB57db8E,21,16,0x8F56682a50BECB1df2Fb8136954f2062871bc7fc,9998297,1,
0xDe6ab16a4015c680daab58021815D09ddB57db8E,0xDe6ab16a4015c680daab58021815D09ddB57db8E,25,17,0x8F56682a50BECB1df2Fb8136954f2062871bc7fc,9998299,1,
0xDe6ab16a4015c680daab58021815D09ddB57db8E,0xDe6ab16a4015c680daab58021815D09ddB57db8E,22,18,0x8F56682a50BECB1df2Fb8136954f2062871bc7fc,9998303,1,
0xDe6ab16a4015c680daab58021815D09ddB57db8E,0xDe6ab16a4015c680daab58021815D09ddB57db8E,23,19,0x8F56682a50BECB1df2Fb8136954f2062871bc7fc,9998305,1,
0xDe6ab16a4015c680daab58021815D09ddB57db8E,0xDe6ab16a4015c680daab58021815D09ddB57db8E,27,20,0x8F56682a50BECB1df2Fb8136954f2062871bc7fc,9998311,1,
0xDe6ab16a4015c680daab58021815D09ddB57db8E,0xDe6ab16a4015c680daab58021815D09ddB57db8E,0,21,0x8F56682a50BECB1df2Fb8136954f2062871bc7fc,9998314,1,
0xDe6ab16a4015c680daab58021815D09ddB57db8E,0xDe6ab16a4015c680daab58021815D09ddB57db8E,24,22,0x8F56682a50BECB1df2Fb8136954f2062871bc7fc,9998319,1,
0xDe6ab16a4015c680daab58021815D09ddB57db8E,0xDe6ab16a4015c680daab58021815D09ddB57db8E,20,23,0x8F56682a50BECB1df2Fb8136954f2062871bc7fc,9999941,1,
0xDe6ab16a4015c680daab58021815D09ddB57db8E,0xDe6ab16a4015c680daab58021815D09ddB57db8E,29,24,0x8F56682a50BECB1df2Fb8136954f2062871bc7fc,10000667,1,
0xDe6ab16a4015c680daab58021815D09ddB57db8E,0xDe6ab16a4015c680daab58021815D09ddB57db8E,34,25,0x8F56682a50BECB1df2Fb8136954f2062871bc7fc,10026307,1,
0x108a1448970b6A4BB3f427cd42040634bffae725,0x108a1448970b6A4BB3f427cd42040634bffae725,39,26,0x8F56682a50BECB1df2Fb8136954f2062871bc7fc,10143810,1,
0x0db737fAac55C104E2CCA99e982CE8658CaBbCc8,0x0db737fAac55C104E2CCA99e982CE8658CaBbCc8,39,26,0x8F56682a50BECB1df2Fb8136954f2062871bc7fc,10144536,1,
0xDe6ab16a4015c680daab58021815D09ddB57db8E,0xDe6ab16a4015c680daab58021815D09ddB57db8E,40,27,0x8F56682a50BECB1df2Fb8136954f2062871bc7fc,10147968,1,
0xDe6ab16a4015c680daab58021815D09ddB57db8E,0xDe6ab16a4015c680daab58021815D09ddB57db8E,43,28,0x8F56682a50BECB1df2Fb8136954f2062871bc7fc,10147969,1,
0x4Cb2ccbF80ddF2C12f8199b75c849CfA658BA9B5,0x4Cb2ccbF80ddF2C12f8199b75c849CfA658BA9B5,39,26,0x8F56682a50BECB1df2Fb8136954f2062871bc7fc,10148408,1,
0xE1A3435B683d863bCB6c8aA093De08ED0557eE99,0xE1A3435B683d863bCB6c8aA093De08ED0557eE99,39,26,0x8F56682a50BECB1df2Fb8136954f2062871bc7fc,10148417,1,
0x62E2F894964197A2458D8E8276e43450E9f5b885,0x62E2F894964197A2458D8E8276e43450E9f5b885,39,26,0x8F56682a50BECB1df2Fb8136954f2062871bc7fc,10148427,1,
0x407D1349A1179472c29DC58431ce9BFCa3F5feCD,0x407D1349A1179472c29DC58431ce9BFCa3F5feCD,39,26,0x8F56682a50BECB1df2Fb8136954f2062871bc7fc,10148443,1,
0x85C7199b5A36e87956cCA466233de6710E849d6D,0x85C7199b5A36e87956cCA466233de6710E849d6D,39,26,0x8F56682a50BECB1df2Fb8136954f2062871bc7fc,10148614,1,
0xDe6ab16a4015c680daab58021815D09ddB57db8E,0xDe6ab16a4015c680daab58021815D09ddB57db8E,44,29,0x8F56682a50BECB1df2Fb8136954f2062871bc7fc,10154242,1,
0xBF84A11fcDcCB9C6aDe93E9E65F30c8231e3E3f8,0xBF84A11fcDcCB9C6aDe93E9E65F30c8231e3E3f8,39,26,0x8F56682a50BECB1df2Fb8136954f2062871bc7fc,10155480,1,
0xBf7dB386bA18184b91D2B98E13F25dDEbc096f1C,0xBf7dB386bA18184b91D2B98E13F25dDEbc096f1C,39,26,0x8F56682a50BECB1df2Fb8136954f2062871bc7fc,10155856,1,
0x149592Af062FF58Bc35B6fDd98831dCf2b939932,0x149592Af062FF58Bc35B6fDd98831dCf2b939932,39,26,0x8F56682a50BECB1df2Fb8136954f2062871bc7fc,10157311,1,
0x193BD90B68eB1df24d9C52D78960717B5e2ec9Bb,0x193BD90B68eB1df24d9C52D78960717B5e2ec9Bb,39,26,0x8F56682a50BECB1df2Fb8136954f2062871bc7fc,10158786,1,
0x6d9ABa400a2a487a5Fb76c6d56518835553CD284,0x6d9ABa400a2a487a5Fb76c6d56518835553CD284,39,26,0x8F56682a50BECB1df2Fb8136954f2062871bc7fc,10159724,1,
0x830ee29452f01Ae4302Bdde2Ec6411604634E006,0x830ee29452f01Ae4302Bdde2Ec6411604634E006,39,26,0x8F56682a50BECB1df2Fb8136954f2062871bc7fc,10160259,1,
0x108a1448970b6A4BB3f427cd42040634bffae725,0x108a1448970b6A4BB3f427cd42040634bffae725,46,31,0x8F56682a50BECB1df2Fb8136954f2062871bc7fc,10175645,1,
0x85C7199b5A36e87956cCA466233de6710E849d6D,0x85C7199b5A36e87956cCA466233de6710E849d6D,46,31,0x8F56682a50BECB1df2Fb8136954f2062871bc7fc,10176475,1,
0x6d9ABa400a2a487a5Fb76c6d56518835553CD284,0x6d9ABa400a2a487a5Fb76c6d56518835553CD284,46,31,0x8F56682a50BECB1df2Fb8136954f2062871bc7fc,10181061,1,
0x0db737fAac55C104E2CCA99e982CE8658CaBbCc8,0x0db737fAac55C104E2CCA99e982CE8658CaBbCc8,46,31,0x8F56682a50BECB1df2Fb8136954f2062871bc7fc,10181101,2,
0x407D1349A1179472c29DC58431ce9BFCa3F5feCD,0x407D1349A1179472c29DC58431ce9BFCa3F5feCD,46,31,0x8F56682a50BECB1df2Fb8136954f2062871bc7fc,10181102,1,
0x9b17d8020Abd4077E0be12E5fAa6e936AC53008D,0x9b17d8020Abd4077E0be12E5fAa6e936AC53008D,46,31,0x8F56682a50BECB1df2Fb8136954f2062871bc7fc,10181719,2,
0xE1A3435B683d863bCB6c8aA093De08ED0557eE99,0xE1A3435B683d863bCB6c8aA093De08ED0557eE99,46,31,0x8F56682a50BECB1df2Fb8136954f2062871bc7fc,10181884,1,
0x149592Af062FF58Bc35B6fDd98831dCf2b939932,0x149592Af062FF58Bc35B6fDd98831dCf2b939932,46,31,0x8F56682a50BECB1df2Fb8136954f2062871bc7fc,10183042,2,
0xF8A685702347377e396486967399f33c6c0C0A29,0xF8A685702347377e396486967399f33c6c0C0A29,39,26,0x8F56682a50BECB1df2Fb8136954f2062871bc7fc,10183541,1,
0x4F567A2f63466973592AC94EA09CE59d02B00f24,0x4F567A2f63466973592AC94EA09CE59d02B00f24,39,26,0x8F56682a50BECB1df2Fb8136954f2062871bc7fc,10187738,1,
0x830ee29452f01Ae4302Bdde2Ec6411604634E006,0x830ee29452f01Ae4302Bdde2Ec6411604634E006,46,31,0x8F56682a50BECB1df2Fb8136954f2062871bc7fc,10188705,2,
0xF8A685702347377e396486967399f33c6c0C0A29,0xF8A685702347377e396486967399f33c6c0C0A29,46,31,0x8F56682a50BECB1df2Fb8136954f2062871bc7fc,10190199,2,
0x725e7Ee0FDDEbfD1C2Ee57096F7E9F841CDD44f9,0x725e7Ee0FDDEbfD1C2Ee57096F7E9F841CDD44f9,46,31,0x8F56682a50BECB1df2Fb8136954f2062871bc7fc,10193552,1,
0xDe6ab16a4015c680daab58021815D09ddB57db8E,0xDe6ab16a4015c680daab58021815D09ddB57db8E,45,30,0x8F56682a50BECB1df2Fb8136954f2062871bc7fc,10201222,1,
0xDe6ab16a4015c680daab58021815D09ddB57db8E,0xDe6ab16a4015c680daab58021815D09ddB57db8E,46,31,0x8F56682a50BECB1df2Fb8136954f2062871bc7fc,10201425,1,
0xDe6ab16a4015c680daab58021815D09ddB57db8E,0xDe6ab16a4015c680daab58021815D09ddB57db8E,47,32,0x8F56682a50BECB1df2Fb8136954f2062871bc7fc,10211184,1,
0xBF84A11fcDcCB9C6aDe93E9E65F30c8231e3E3f8,0xBF84A11fcDcCB9C6aDe93E9E65F30c8231e3E3f8,46,31,0x8F56682a50BECB1df2Fb8136954f2062871bc7fc,10218743,2,
0xDe6ab16a4015c680daab58021815D09ddB57db8E,0xDe6ab16a4015c680daab58021815D09ddB57db8E,50,33,0x8F56682a50BECB1df2Fb8136954f2062871bc7fc,10314319,1,
0xDe6ab16a4015c680daab58021815D09ddB57db8E,0xDe6ab16a4015c680daab58021815D09ddB57db8E,51,34,0x8F56682a50BECB1df2Fb8136954f2062871bc7fc,10314320,1,
0xDe6ab16a4015c680daab58021815D09ddB57db8E,0xDe6ab16a4015c680daab58021815D09ddB57db8E,53,35,0x8F56682a50BECB1df2Fb8136954f2062871bc7fc,10334615,1,
0xDe6ab16a4015c680daab58021815D09ddB57db8E,0xDe6ab16a4015c680daab58021815D09ddB57db8E,54,36,0x8F56682a50BECB1df2Fb8136954f2062871bc7fc,10341431,1,
0xDe6ab16a4015c680daab58021815D09ddB57db8E,0xDe6ab16a4015c680daab58021815D09ddB57db8E,56,37,0x8F56682a50BECB1df2Fb8136954f2062871bc7fc,10361648,1,
0xDe6ab16a4015c680daab58021815D09ddB57db8E,0xDe6ab16a4015c680daab58021815D09ddB57db8E,57,38,0x8F56682a50BECB1df2Fb8136954f2062871bc7fc,10367056,1,
0xDe6ab16a4015c680daab58021815D09ddB57db8E,0xDe6ab16a4015c680daab58021815D09ddB57db8E,58,39,0x8F56682a50BECB1df2Fb8136954f2062871bc7fc,10374353,1,
0xDe6ab16a4015c680daab58021815D09ddB57db8E,0xDe6ab16a4015c680daab58021815D09ddB57db8E,61,40,0x8F56682a50BECB1df2Fb8136954f2062871bc7fc,10398984,1,
0x108a1448970b6A4BB3f427cd42040634bffae725,0x108a1448970b6A4BB3f427cd42040634bffae725,60,41,0x8F56682a50BECB1df2Fb8136954f2062871bc7fc,10407561,1,
0x0db737fAac55C104E2CCA99e982CE8658CaBbCc8,0x0db737fAac55C104E2CCA99e982CE8658CaBbCc8,60,41,0x8F56682a50BECB1df2Fb8136954f2062871bc7fc,10413608,1,
0xE1A3435B683d863bCB6c8aA093De08ED0557eE99,0xE1A3435B683d863bCB6c8aA093De08ED0557eE99,60,41,0x8F56682a50BECB1df2Fb8136954f2062871bc7fc,10414626,1,
0x149592Af062FF58Bc35B6fDd98831dCf2b939932,0x149592Af062FF58Bc35B6fDd98831dCf2b939932,60,41,0x8F56682a50BECB1df2Fb8136954f2062871bc7fc,10415368,2,
0x7fF9d98cF5f4456e31F1126E994f1fE09684c260,0x7fF9d98cF5f4456e31F1126E994f1fE09684c260,60,41,0x8F56682a50BECB1df2Fb8136954f2062871bc7fc,10418810,1,
0xF8A685702347377e396486967399f33c6c0C0A29,0xF8A685702347377e396486967399f33c6c0C0A29,60,41,0x8F56682a50BECB1df2Fb8136954f2062871bc7fc,10419332,1,
0x7A9a568BA107AE35C31E7fDA6b99CedddE1e625B,0x7A9a568BA107AE35C31E7fDA6b99CedddE1e625B,60,41,0x8F56682a50BECB1df2Fb8136954f2062871bc7fc,10419431,1,
0x3c44CCFAe554EB4A15041217203c61Bf068d6c33,0x3c44CCFAe554EB4A15041217203c61Bf068d6c33,60,41,0x8F56682a50BECB1df2Fb8136954f2062871bc7fc,10419493,1,
0x85C7199b5A36e87956cCA466233de6710E849d6D,0x85C7199b5A36e87956cCA466233de6710E849d6D,60,41,0x8F56682a50BECB1df2Fb8136954f2062871bc7fc,10420703,1,
0x6d9ABa400a2a487a5Fb76c6d56518835553CD284,0x6d9ABa400a2a487a5Fb76c6d56518835553CD284,60,41,0x8F56682a50BECB1df2Fb8136954f2062871bc7fc,10427903,2,
0x2afB58A22E7D3c241ab7b9A1f68B9e8E74ec9D68,0x2afB58A22E7D3c241ab7b9A1f68B9e8E74ec9D68,60,41,0x8F56682a50BECB1df2Fb8136954f2062871bc7fc,10428547,1,
0xD24FF5e32DE12be154B1C2eE7B731CBC45540E50,0xD24FF5e32DE12be154B1C2eE7B731CBC45540E50,60,41,0x8F56682a50BECB1df2Fb8136954f2062871bc7fc,10430955,1,
0xbe255852C4301d6392Fb1D65003B7A0E0Ef6e6b0,0xbe255852C4301d6392Fb1D65003B7A0E0Ef6e6b0,60,41,0x8F56682a50BECB1df2Fb8136954f2062871bc7fc,10431054,1,
0x725e7Ee0FDDEbfD1C2Ee57096F7E9F841CDD44f9,0x725e7Ee0FDDEbfD1C2Ee57096F7E9F841CDD44f9,33,42,0x8F56682a50BECB1df2Fb8136954f2062871bc7fc,10432668,1,
0xDe6ab16a4015c680daab58021815D09ddB57db8E,0xDe6ab16a4015c680daab58021815D09ddB57db8E,66,43,0x8F56682a50BECB1df2Fb8136954f2062871bc7fc,10436657,1,
0x830ee29452f01Ae4302Bdde2Ec6411604634E006,0x830ee29452f01Ae4302Bdde2Ec6411604634E006,60,41,0x8F56682a50BECB1df2Fb8136954f2062871bc7fc,10438853,1,
0x5bCfBBe06d2DE987d185AC1C0A17f98DB028eE45,0x5bCfBBe06d2DE987d185AC1C0A17f98DB028eE45,33,42,0x8F56682a50BECB1df2Fb8136954f2062871bc7fc,10440255,1,
0x5bCfBBe06d2DE987d185AC1C0A17f98DB028eE45,0x5bCfBBe06d2DE987d185AC1C0A17f98DB028eE45,67,44,0x8F56682a50BECB1df2Fb8136954f2062871bc7fc,10440267,1,
0x5bCfBBe06d2DE987d185AC1C0A17f98DB028eE45,0x5bCfBBe06d2DE987d185AC1C0A17f98DB028eE45,60,41,0x8F56682a50BECB1df2Fb8136954f2062871bc7fc,10440277,1,
0xF8A685702347377e396486967399f33c6c0C0A29,0xF8A685702347377e396486967399f33c6c0C0A29,67,44,0x8F56682a50BECB1df2Fb8136954f2062871bc7fc,10441105,1,
0xF8A685702347377e396486967399f33c6c0C0A29,0xF8A685702347377e396486967399f33c6c0C0A29,33,42,0x8F56682a50BECB1df2Fb8136954f2062871bc7fc,10441283,2,
0x108a1448970b6A4BB3f427cd42040634bffae725,0x108a1448970b6A4BB3f427cd42040634bffae725,33,42,0x8F56682a50BECB1df2Fb8136954f2062871bc7fc,10441610,2,
0x2afB58A22E7D3c241ab7b9A1f68B9e8E74ec9D68,0x2afB58A22E7D3c241ab7b9A1f68B9e8E74ec9D68,33,42,0x8F56682a50BECB1df2Fb8136954f2062871bc7fc,10443071,2,
0x2afB58A22E7D3c241ab7b9A1f68B9e8E74ec9D68,0x2afB58A22E7D3c241ab7b9A1f68B9e8E74ec9D68,67,44,0x8F56682a50BECB1df2Fb8136954f2062871bc7fc,10443076,1,
0x193BD90B68eB1df24d9C52D78960717B5e2ec9Bb,0x193BD90B68eB1df24d9C52D78960717B5e2ec9Bb,33,42,0x8F56682a50BECB1df2Fb8136954f2062871bc7fc,10443584,2,
0x193BD90B68eB1df24d9C52D78960717B5e2ec9Bb,0x193BD90B68eB1df24d9C52D78960717B5e2ec9Bb,60,41,0x8F56682a50BECB1df2Fb8136954f2062871bc7fc,10443601,1,
0x193BD90B68eB1df24d9C52D78960717B5e2ec9Bb,0x193BD90B68eB1df24d9C52D78960717B5e2ec9Bb,67,44,0x8F56682a50BECB1df2Fb8136954f2062871bc7fc,10443606,1,
0xbe255852C4301d6392Fb1D65003B7A0E0Ef6e6b0,0xbe255852C4301d6392Fb1D65003B7A0E0Ef6e6b0,67,44,0x8F56682a50BECB1df2Fb8136954f2062871bc7fc,10444152,1,
0xD24FF5e32DE12be154B1C2eE7B731CBC45540E50,0xD24FF5e32DE12be154B1C2eE7B731CBC45540E50,67,44,0x8F56682a50BECB1df2Fb8136954f2062871bc7fc,10444397,1,
0x85C7199b5A36e87956cCA466233de6710E849d6D,0x85C7199b5A36e87956cCA466233de6710E849d6D,33,42,0x8F56682a50BECB1df2Fb8136954f2062871bc7fc,10445556,2,
0x7fF9d98cF5f4456e31F1126E994f1fE09684c260,0x7fF9d98cF5f4456e31F1126E994f1fE09684c260,33,42,0x8F56682a50BECB1df2Fb8136954f2062871bc7fc,10451582,2,
0x7fF9d98cF5f4456e31F1126E994f1fE09684c260,0x7fF9d98cF5f4456e31F1126E994f1fE09684c260,67,44,0x8F56682a50BECB1df2Fb8136954f2062871bc7fc,10451586,1,
0x0db737fAac55C104E2CCA99e982CE8658CaBbCc8,0x0db737fAac55C104E2CCA99e982CE8658CaBbCc8,33,42,0x8F56682a50BECB1df2Fb8136954f2062871bc7fc,10452051,1,
0x7A9a568BA107AE35C31E7fDA6b99CedddE1e625B,0x7A9a568BA107AE35C31E7fDA6b99CedddE1e625B,33,42,0x8F56682a50BECB1df2Fb8136954f2062871bc7fc,10452326,2,
0x7A9a568BA107AE35C31E7fDA6b99CedddE1e625B,0x7A9a568BA107AE35C31E7fDA6b99CedddE1e625B,67,44,0x8F56682a50BECB1df2Fb8136954f2062871bc7fc,10452329,1,
0xE1A3435B683d863bCB6c8aA093De08ED0557eE99,0xE1A3435B683d863bCB6c8aA093De08ED0557eE99,67,44,0x8F56682a50BECB1df2Fb8136954f2062871bc7fc,10458341,1,
0xDe6ab16a4015c680daab58021815D09ddB57db8E,0xDe6ab16a4015c680daab58021815D09ddB57db8E,69,45,0x8F56682a50BECB1df2Fb8136954f2062871bc7fc,10462726,1,
0x3c44CCFAe554EB4A15041217203c61Bf068d6c33,0x3c44CCFAe554EB4A15041217203c61Bf068d6c33,67,44,0x8F56682a50BECB1df2Fb8136954f2062871bc7fc,10463911,1,
0x62E2F894964197A2458D8E8276e43450E9f5b885,0x62E2F894964197A2458D8E8276e43450E9f5b885,67,44,0x8F56682a50BECB1df2Fb8136954f2062871bc7fc,10464718,1,
0x85C7199b5A36e87956cCA466233de6710E849d6D,0x85C7199b5A36e87956cCA466233de6710E849d6D,67,44,0x8F56682a50BECB1df2Fb8136954f2062871bc7fc,10471740,1,
0xDe6ab16a4015c680daab58021815D09ddB57db8E,0xDe6ab16a4015c680daab58021815D09ddB57db8E,70,46,0x8F56682a50BECB1df2Fb8136954f2062871bc7fc,10475108,1,
0x108a1448970b6A4BB3f427cd42040634bffae725,0x108a1448970b6A4BB3f427cd42040634bffae725,71,47,0x8F56682a50BECB1df2Fb8136954f2062871bc7fc,10479002,1,
0x85C7199b5A36e87956cCA466233de6710E849d6D,0x85C7199b5A36e87956cCA466233de6710E849d6D,71,47,0x8F56682a50BECB1df2Fb8136954f2062871bc7fc,10479006,1,
0xD24FF5e32DE12be154B1C2eE7B731CBC45540E50,0xD24FF5e32DE12be154B1C2eE7B731CBC45540E50,71,47,0x8F56682a50BECB1df2Fb8136954f2062871bc7fc,10479166,1,
0x62E2F894964197A2458D8E8276e43450E9f5b885,0x62E2F894964197A2458D8E8276e43450E9f5b885,71,47,0x8F56682a50BECB1df2Fb8136954f2062871bc7fc,10479303,1,
0x2afB58A22E7D3c241ab7b9A1f68B9e8E74ec9D68,0x2afB58A22E7D3c241ab7b9A1f68B9e8E74ec9D68,71,47,0x8F56682a50BECB1df2Fb8136954f2062871bc7fc,10480113,1,
0x7A9a568BA107AE35C31E7fDA6b99CedddE1e625B,0x7A9a568BA107AE35C31E7fDA6b99CedddE1e625B,71,47,0x8F56682a50BECB1df2Fb8136954f2062871bc7fc,10480759,1,
0x7fF9d98cF5f4456e31F1126E994f1fE09684c260,0x7fF9d98cF5f4456e31F1126E994f1fE09684c260,71,47,0x8F56682a50BECB1df2Fb8136954f2062871bc7fc,10488749,2,
0xE1A3435B683d863bCB6c8aA093De08ED0557eE99,0xE1A3435B683d863bCB6c8aA093De08ED0557eE99,72,48,0x8F56682a50BECB1df2Fb8136954f2062871bc7fc,10497147,1,
0xD24FF5e32DE12be154B1C2eE7B731CBC45540E50,0xD24FF5e32DE12be154B1C2eE7B731CBC45540E50,72,48,0x8F56682a50BECB1df2Fb8136954f2062871bc7fc,10497155,1,
0xE1A3435B683d863bCB6c8aA093De08ED0557eE99,0xE1A3435B683d863bCB6c8aA093De08ED0557eE99,71,47,0x8F56682a50BECB1df2Fb8136954f2062871bc7fc,10497155,1,
0x830ee29452f01Ae4302Bdde2Ec6411604634E006,0x830ee29452f01Ae4302Bdde2Ec6411604634E006,71,47,0x8F56682a50BECB1df2Fb8136954f2062871bc7fc,10497984,1,
0x2afB58A22E7D3c241ab7b9A1f68B9e8E74ec9D68,0x2afB58A22E7D3c241ab7b9A1f68B9e8E74ec9D68,72,48,0x8F56682a50BECB1df2Fb8136954f2062871bc7fc,10498932,1,
0x2afB58A22E7D3c241ab7b9A1f68B9e8E74ec9D68,0x2afB58A22E7D3c241ab7b9A1f68B9e8E74ec9D68,73,49,0x8F56682a50BECB1df2Fb8136954f2062871bc7fc,10498942,1,
0x149592Af062FF58Bc35B6fDd98831dCf2b939932,0x149592Af062FF58Bc35B6fDd98831dCf2b939932,71,47,0x8F56682a50BECB1df2Fb8136954f2062871bc7fc,10499221,1,
0xD24FF5e32DE12be154B1C2eE7B731CBC45540E50,0xD24FF5e32DE12be154B1C2eE7B731CBC45540E50,73,49,0x8F56682a50BECB1df2Fb8136954f2062871bc7fc,10499531,1,
0xE1A3435B683d863bCB6c8aA093De08ED0557eE99,0xE1A3435B683d863bCB6c8aA093De08ED0557eE99,73,49,0x8F56682a50BECB1df2Fb8136954f2062871bc7fc,10499537,1,
0x7A9a568BA107AE35C31E7fDA6b99CedddE1e625B,0x7A9a568BA107AE35C31E7fDA6b99CedddE1e625B,73,49,0x8F56682a50BECB1df2Fb8136954f2062871bc7fc,10500667,1,
0x7A9a568BA107AE35C31E7fDA6b99CedddE1e625B,0x7A9a568BA107AE35C31E7fDA6b99CedddE1e625B,72,48,0x8F56682a50BECB1df2Fb8136954f2062871bc7fc,10500671,1,
0x193BD90B68eB1df24d9C52D78960717B5e2ec9Bb,0x193BD90B68eB1df24d9C52D78960717B5e2ec9Bb,72,48,0x8F56682a50BECB1df2Fb8136954f2062871bc7fc,10501143,1,
0x193BD90B68eB1df24d9C52D78960717B5e2ec9Bb,0x193BD90B68eB1df24d9C52D78960717B5e2ec9Bb,71,47,0x8F56682a50BECB1df2Fb8136954f2062871bc7fc,10501150,1,
0x193BD90B68eB1df24d9C52D78960717B5e2ec9Bb,0x193BD90B68eB1df24d9C52D78960717B5e2ec9Bb,73,49,0x8F56682a50BECB1df2Fb8136954f2062871bc7fc,10501173,1,
0xbe255852C4301d6392Fb1D65003B7A0E0Ef6e6b0,0xbe255852C4301d6392Fb1D65003B7A0E0Ef6e6b0,71,47,0x8F56682a50BECB1df2Fb8136954f2062871bc7fc,10501284,1,
0xbe255852C4301d6392Fb1D65003B7A0E0Ef6e6b0,0xbe255852C4301d6392Fb1D65003B7A0E0Ef6e6b0,73,49,0x8F56682a50BECB1df2Fb8136954f2062871bc7fc,10501284,1,
0x2afB58A22E7D3c241ab7b9A1f68B9e8E74ec9D68,0x2afB58A22E7D3c241ab7b9A1f68B9e8E74ec9D68,76,50,0x8F56682a50BECB1df2Fb8136954f2062871bc7fc,10502834,1,
0x85C7199b5A36e87956cCA466233de6710E849d6D,0x85C7199b5A36e87956cCA466233de6710E849d6D,73,49,0x8F56682a50BECB1df2Fb8136954f2062871bc7fc,10503199,1,
0x85C7199b5A36e87956cCA466233de6710E849d6D,0x85C7199b5A36e87956cCA466233de6710E849d6D,76,50,0x8F56682a50BECB1df2Fb8136954f2062871bc7fc,10503209,1,
0xE1A3435B683d863bCB6c8aA093De08ED0557eE99,0xE1A3435B683d863bCB6c8aA093De08ED0557eE99,76,50,0x8F56682a50BECB1df2Fb8136954f2062871bc7fc,10503345,1,
0xBF84A11fcDcCB9C6aDe93E9E65F30c8231e3E3f8,0xBF84A11fcDcCB9C6aDe93E9E65F30c8231e3E3f8,72,48,0x8F56682a50BECB1df2Fb8136954f2062871bc7fc,10503735,1,
0xBF84A11fcDcCB9C6aDe93E9E65F30c8231e3E3f8,0xBF84A11fcDcCB9C6aDe93E9E65F30c8231e3E3f8,71,47,0x8F56682a50BECB1df2Fb8136954f2062871bc7fc,10503805,1,
0x3c44CCFAe554EB4A15041217203c61Bf068d6c33,0x3c44CCFAe554EB4A15041217203c61Bf068d6c33,76,50,0x8F56682a50BECB1df2Fb8136954f2062871bc7fc,10503807,1,
0xBF84A11fcDcCB9C6aDe93E9E65F30c8231e3E3f8,0xBF84A11fcDcCB9C6aDe93E9E65F30c8231e3E3f8,73,49,0x8F56682a50BECB1df2Fb8136954f2062871bc7fc,10503809,1,
0x3c44CCFAe554EB4A15041217203c61Bf068d6c33,0x3c44CCFAe554EB4A15041217203c61Bf068d6c33,71,47,0x8F56682a50BECB1df2Fb8136954f2062871bc7fc,10503845,2,
0x3c44CCFAe554EB4A15041217203c61Bf068d6c33,0x3c44CCFAe554EB4A15041217203c61Bf068d6c33,73,49,0x8F56682a50BECB1df2Fb8136954f2062871bc7fc,10503846,1,
0x3c44CCFAe554EB4A15041217203c61Bf068d6c33,0x3c44CCFAe554EB4A15041217203c61Bf068d6c33,72,48,0x8F56682a50BECB1df2Fb8136954f2062871bc7fc,10503866,1,
0x62E2F894964197A2458D8E8276e43450E9f5b885,0x62E2F894964197A2458D8E8276e43450E9f5b885,76,50,0x8F56682a50BECB1df2Fb8136954f2062871bc7fc,10504033,1,
0x62E2F894964197A2458D8E8276e43450E9f5b885,0x62E2F894964197A2458D8E8276e43450E9f5b885,73,49,0x8F56682a50BECB1df2Fb8136954f2062871bc7fc,10504057,1,
0x830ee29452f01Ae4302Bdde2Ec6411604634E006,0x830ee29452f01Ae4302Bdde2Ec6411604634E006,76,50,0x8F56682a50BECB1df2Fb8136954f2062871bc7fc,10505002,1,
0x830ee29452f01Ae4302Bdde2Ec6411604634E006,0x830ee29452f01Ae4302Bdde2Ec6411604634E006,73,49,0x8F56682a50BECB1df2Fb8136954f2062871bc7fc,10505009,1,
0x830ee29452f01Ae4302Bdde2Ec6411604634E006,0x830ee29452f01Ae4302Bdde2Ec6411604634E006,72,48,0x8F56682a50BECB1df2Fb8136954f2062871bc7fc,10505012,1,
0x7fF9d98cF5f4456e31F1126E994f1fE09684c260,0x7fF9d98cF5f4456e31F1126E994f1fE09684c260,72,48,0x8F56682a50BECB1df2Fb8136954f2062871bc7fc,10508111,1,
0x7fF9d98cF5f4456e31F1126E994f1fE09684c260,0x7fF9d98cF5f4456e31F1126E994f1fE09684c260,73,49,0x8F56682a50BECB1df2Fb8136954f2062871bc7fc,10508114,1,
0x7fF9d98cF5f4456e31F1126E994f1fE09684c260,0x7fF9d98cF5f4456e31F1126E994f1fE09684c260,76,50,0x8F56682a50BECB1df2Fb8136954f2062871bc7fc,10508128,2,
0xbe255852C4301d6392Fb1D65003B7A0E0Ef6e6b0,0xbe255852C4301d6392Fb1D65003B7A0E0Ef6e6b0,72,48,0x8F56682a50BECB1df2Fb8136954f2062871bc7fc,10508139,1,
0xbe255852C4301d6392Fb1D65003B7A0E0Ef6e6b0,0xbe255852C4301d6392Fb1D65003B7A0E0Ef6e6b0,76,50,0x8F56682a50BECB1df2Fb8136954f2062871bc7fc,10508167,1,
0x407D1349A1179472c29DC58431ce9BFCa3F5feCD,0x407D1349A1179472c29DC58431ce9BFCa3F5feCD,76,50,0x8F56682a50BECB1df2Fb8136954f2062871bc7fc,10509771,1,
0x75AfAEce8CF2a7974B1e541648923aFD9339B3f8,0x75AfAEce8CF2a7974B1e541648923aFD9339B3f8,76,50,0x8F56682a50BECB1df2Fb8136954f2062871bc7fc,10511703,1,
0x75AfAEce8CF2a7974B1e541648923aFD9339B3f8,0x75AfAEce8CF2a7974B1e541648923aFD9339B3f8,71,47,0x8F56682a50BECB1df2Fb8136954f2062871bc7fc,10511724,2,
0x75AfAEce8CF2a7974B1e541648923aFD9339B3f8,0x75AfAEce8CF2a7974B1e541648923aFD9339B3f8,72,48,0x8F56682a50BECB1df2Fb8136954f2062871bc7fc,10511743,2,
0xDe6ab16a4015c680daab58021815D09ddB57db8E,0xDe6ab16a4015c680daab58021815D09ddB57db8E,77,51,0x8F56682a50BECB1df2Fb8136954f2062871bc7fc,10513607,1,
0xF8A685702347377e396486967399f33c6c0C0A29,0xF8A685702347377e396486967399f33c6c0C0A29,76,50,0x8F56682a50BECB1df2Fb8136954f2062871bc7fc,10514495,2,
0xDe6ab16a4015c680daab58021815D09ddB57db8E,0xDe6ab16a4015c680daab58021815D09ddB57db8E,78,52,0x8F56682a50BECB1df2Fb8136954f2062871bc7fc,10514934,1,
0xDe6ab16a4015c680daab58021815D09ddB57db8E,0xDe6ab16a4015c680daab58021815D09ddB57db8E,79,53,0x8F56682a50BECB1df2Fb8136954f2062871bc7fc,10521649,1,
0xDe6ab16a4015c680daab58021815D09ddB57db8E,0xDe6ab16a4015c680daab58021815D09ddB57db8E,80,54,0x8F56682a50BECB1df2Fb8136954f2062871bc7fc,10523648,1,
0x6d9ABa400a2a487a5Fb76c6d56518835553CD284,0x6d9ABa400a2a487a5Fb76c6d56518835553CD284,73,49,0x8F56682a50BECB1df2Fb8136954f2062871bc7fc,10524701,1,
0x6d9ABa400a2a487a5Fb76c6d56518835553CD284,0x6d9ABa400a2a487a5Fb76c6d56518835553CD284,76,50,0x8F56682a50BECB1df2Fb8136954f2062871bc7fc,10524706,2,
0xBF84A11fcDcCB9C6aDe93E9E65F30c8231e3E3f8,0xBF84A11fcDcCB9C6aDe93E9E65F30c8231e3E3f8,76,50,0x8F56682a50BECB1df2Fb8136954f2062871bc7fc,10533560,1,
0x108a1448970b6A4BB3f427cd42040634bffae725,0x108a1448970b6A4BB3f427cd42040634bffae725,83,57,0x8F56682a50BECB1df2Fb8136954f2062871bc7fc,10545399,1,
0xDe6ab16a4015c680daab58021815D09ddB57db8E,0xDe6ab16a4015c680daab58021815D09ddB57db8E,83,57,0x8F56682a50BECB1df2Fb8136954f2062871bc7fc,10546414,1,
0x0db737fAac55C104E2CCA99e982CE8658CaBbCc8,0x0db737fAac55C104E2CCA99e982CE8658CaBbCc8,83,57,0x8F56682a50BECB1df2Fb8136954f2062871bc7fc,10548300,1,
0xDe6ab16a4015c680daab58021815D09ddB57db8E,0xDe6ab16a4015c680daab58021815D09ddB57db8E,81,55,0x8F56682a50BECB1df2Fb8136954f2062871bc7fc,10553586,1,
0xDe6ab16a4015c680daab58021815D09ddB57db8E,0xDe6ab16a4015c680daab58021815D09ddB57db8E,82,56,0x8F56682a50BECB1df2Fb8136954f2062871bc7fc,10553586,1,
0xDe6ab16a4015c680daab58021815D09ddB57db8E,0xDe6ab16a4015c680daab58021815D09ddB57db8E,85,58,0x8F56682a50BECB1df2Fb8136954f2062871bc7fc,10554250,1,
0xE1A3435B683d863bCB6c8aA093De08ED0557eE99,0xE1A3435B683d863bCB6c8aA093De08ED0557eE99,83,57,0x8F56682a50BECB1df2Fb8136954f2062871bc7fc,10555055,1,
0x407D1349A1179472c29DC58431ce9BFCa3F5feCD,0x407D1349A1179472c29DC58431ce9BFCa3F5feCD,83,57,0x8F56682a50BECB1df2Fb8136954f2062871bc7fc,10555446,1,
0x2afB58A22E7D3c241ab7b9A1f68B9e8E74ec9D68,0x2afB58A22E7D3c241ab7b9A1f68B9e8E74ec9D68,83,57,0x8F56682a50BECB1df2Fb8136954f2062871bc7fc,10559412,1,
0xbe255852C4301d6392Fb1D65003B7A0E0Ef6e6b0,0xbe255852C4301d6392Fb1D65003B7A0E0Ef6e6b0,83,57,0x8F56682a50BECB1df2Fb8136954f2062871bc7fc,10560447,1,
0xDe6ab16a4015c680daab58021815D09ddB57db8E,0xDe6ab16a4015c680daab58021815D09ddB57db8E,86,59,0x8F56682a50BECB1df2Fb8136954f2062871bc7fc,10560884,1,
0x7A9a568BA107AE35C31E7fDA6b99CedddE1e625B,0x7A9a568BA107AE35C31E7fDA6b99CedddE1e625B,83,57,0x8F56682a50BECB1df2Fb8136954f2062871bc7fc,10561873,1,
0x85C7199b5A36e87956cCA466233de6710E849d6D,0x85C7199b5A36e87956cCA466233de6710E849d6D,83,57,0x8F56682a50BECB1df2Fb8136954f2062871bc7fc,10561922,1,
0xBf7dB386bA18184b91D2B98E13F25dDEbc096f1C,0xBf7dB386bA18184b91D2B98E13F25dDEbc096f1C,83,57,0x8F56682a50BECB1df2Fb8136954f2062871bc7fc,10562526,1,
0xF8A685702347377e396486967399f33c6c0C0A29,0xF8A685702347377e396486967399f33c6c0C0A29,83,57,0x8F56682a50BECB1df2Fb8136954f2062871bc7fc,10563947,1,
0xDe6ab16a4015c680daab58021815D09ddB57db8E,0xDe6ab16a4015c680daab58021815D09ddB57db8E,91,63,0x8F56682a50BECB1df2Fb8136954f2062871bc7fc,10565776,1,
0xDe6ab16a4015c680daab58021815D09ddB57db8E,0xDe6ab16a4015c680daab58021815D09ddB57db8E,89,62,0x8F56682a50BECB1df2Fb8136954f2062871bc7fc,10565776,1,
0xDe6ab16a4015c680daab58021815D09ddB57db8E,0xDe6ab16a4015c680daab58021815D09ddB57db8E,88,61,0x8F56682a50BECB1df2Fb8136954f2062871bc7fc,10565776,1,
0xDe6ab16a4015c680daab58021815D09ddB57db8E,0xDe6ab16a4015c680daab58021815D09ddB57db8E,87,60,0x8F56682a50BECB1df2Fb8136954f2062871bc7fc,10565776,1,
0xD24FF5e32DE12be154B1C2eE7B731CBC45540E50,0xD24FF5e32DE12be154B1C2eE7B731CBC45540E50,92,64,0x8F56682a50BECB1df2Fb8136954f2062871bc7fc,10567259,1,
0x7fF9d98cF5f4456e31F1126E994f1fE09684c260,0x7fF9d98cF5f4456e31F1126E994f1fE09684c260,92,64,0x8F56682a50BECB1df2Fb8136954f2062871bc7fc,10567929,1,
0xDe6ab16a4015c680daab58021815D09ddB57db8E,0xDe6ab16a4015c680daab58021815D09ddB57db8E,92,64,0x8F56682a50BECB1df2Fb8136954f2062871bc7fc,10568098,1,
0x108a1448970b6A4BB3f427cd42040634bffae725,0x108a1448970b6A4BB3f427cd42040634bffae725,92,64,0x8F56682a50BECB1df2Fb8136954f2062871bc7fc,10568771,1,
0x85C7199b5A36e87956cCA466233de6710E849d6D,0x85C7199b5A36e87956cCA466233de6710E849d6D,92,64,0x8F56682a50BECB1df2Fb8136954f2062871bc7fc,10568982,1,
0x2afB58A22E7D3c241ab7b9A1f68B9e8E74ec9D68,0x2afB58A22E7D3c241ab7b9A1f68B9e8E74ec9D68,92,64,0x8F56682a50BECB1df2Fb8136954f2062871bc7fc,10569463,1,
0xD24FF5e32DE12be154B1C2eE7B731CBC45540E50,0xD24FF5e32DE12be154B1C2eE7B731CBC45540E50,83,57,0x8F56682a50BECB1df2Fb8136954f2062871bc7fc,10573629,1,
0xC4B000EfC4c5622Aa43065190bbF4b3Ae133fd3F,0xC4B000EfC4c5622Aa43065190bbF4b3Ae133fd3F,83,57,0x8F56682a50BECB1df2Fb8136954f2062871bc7fc,10574776,1,
0xDe6ab16a4015c680daab58021815D09ddB57db8E,0xDe6ab16a4015c680daab58021815D09ddB57db8E,95,66,0x8F56682a50BECB1df2Fb8136954f2062871bc7fc,10579774,1,
0xDe6ab16a4015c680daab58021815D09ddB57db8E,0xDe6ab16a4015c680daab58021815D09ddB57db8E,93,65,0x8F56682a50BECB1df2Fb8136954f2062871bc7fc,10579774,1,
0x3c44CCFAe554EB4A15041217203c61Bf068d6c33,0x3c44CCFAe554EB4A15041217203c61Bf068d6c33,83,57,0x8F56682a50BECB1df2Fb8136954f2062871bc7fc,10581751,1,
0x7A9a568BA107AE35C31E7fDA6b99CedddE1e625B,0x7A9a568BA107AE35C31E7fDA6b99CedddE1e625B,98,68,0x8F56682a50BECB1df2Fb8136954f2062871bc7fc,10584075,1,
0x7A9a568BA107AE35C31E7fDA6b99CedddE1e625B,0x7A9a568BA107AE35C31E7fDA6b99CedddE1e625B,92,64,0x8F56682a50BECB1df2Fb8136954f2062871bc7fc,10584125,1,
0xbe255852C4301d6392Fb1D65003B7A0E0Ef6e6b0,0xbe255852C4301d6392Fb1D65003B7A0E0Ef6e6b0,92,64,0x8F56682a50BECB1df2Fb8136954f2062871bc7fc,10585460,1,
0xbe255852C4301d6392Fb1D65003B7A0E0Ef6e6b0,0xbe255852C4301d6392Fb1D65003B7A0E0Ef6e6b0,98,68,0x8F56682a50BECB1df2Fb8136954f2062871bc7fc,10585465,1,
0xDe6ab16a4015c680daab58021815D09ddB57db8E,0xDe6ab16a4015c680daab58021815D09ddB57db8E,97,67,0x8F56682a50BECB1df2Fb8136954f2062871bc7fc,10586163,1,
0x75AfAEce8CF2a7974B1e541648923aFD9339B3f8,0x75AfAEce8CF2a7974B1e541648923aFD9339B3f8,83,57,0x8F56682a50BECB1df2Fb8136954f2062871bc7fc,10587195,2,
0x75AfAEce8CF2a7974B1e541648923aFD9339B3f8,0x75AfAEce8CF2a7974B1e541648923aFD9339B3f8,92,64,0x8F56682a50BECB1df2Fb8136954f2062871bc7fc,10587432,2,
0x75AfAEce8CF2a7974B1e541648923aFD9339B3f8,0x75AfAEce8CF2a7974B1e541648923aFD9339B3f8,98,68,0x8F56682a50BECB1df2Fb8136954f2062871bc7fc,10587433,2,
0xBF84A11fcDcCB9C6aDe93E9E65F30c8231e3E3f8,0xBF84A11fcDcCB9C6aDe93E9E65F30c8231e3E3f8,92,64,0x8F56682a50BECB1df2Fb8136954f2062871bc7fc,10587642,1,
0xBF84A11fcDcCB9C6aDe93E9E65F30c8231e3E3f8,0xBF84A11fcDcCB9C6aDe93E9E65F30c8231e3E3f8,83,57,0x8F56682a50BECB1df2Fb8136954f2062871bc7fc,10587670,1,
0x9b17d8020Abd4077E0be12E5fAa6e936AC53008D,0x9b17d8020Abd4077E0be12E5fAa6e936AC53008D,83,57,0x8F56682a50BECB1df2Fb8136954f2062871bc7fc,10588975,1,
0x6d9ABa400a2a487a5Fb76c6d56518835553CD284,0x6d9ABa400a2a487a5Fb76c6d56518835553CD284,83,57,0x8F56682a50BECB1df2Fb8136954f2062871bc7fc,10589079,1,
0x4Cb2ccbF80ddF2C12f8199b75c849CfA658BA9B5,0x4Cb2ccbF80ddF2C12f8199b75c849CfA658BA9B5,83,57,0x8F56682a50BECB1df2Fb8136954f2062871bc7fc,10589098,1,
0xD24FF5e32DE12be154B1C2eE7B731CBC45540E50,0xD24FF5e32DE12be154B1C2eE7B731CBC45540E50,98,68,0x8F56682a50BECB1df2Fb8136954f2062871bc7fc,10589254,1,
0xD24FF5e32DE12be154B1C2eE7B731CBC45540E50,0xD24FF5e32DE12be154B1C2eE7B731CBC45540E50,84,69,0x8F56682a50BECB1df2Fb8136954f2062871bc7fc,10589256,1,
0x108a1448970b6A4BB3f427cd42040634bffae725,0x108a1448970b6A4BB3f427cd42040634bffae725,84,69,0x8F56682a50BECB1df2Fb8136954f2062871bc7fc,10589297,1,
0x149592Af062FF58Bc35B6fDd98831dCf2b939932,0x149592Af062FF58Bc35B6fDd98831dCf2b939932,83,57,0x8F56682a50BECB1df2Fb8136954f2062871bc7fc,10589458,1,
0xF8A685702347377e396486967399f33c6c0C0A29,0xF8A685702347377e396486967399f33c6c0C0A29,84,69,0x8F56682a50BECB1df2Fb8136954f2062871bc7fc,10589765,1,
0xBF84A11fcDcCB9C6aDe93E9E65F30c8231e3E3f8,0xBF84A11fcDcCB9C6aDe93E9E65F30c8231e3E3f8,98,68,0x8F56682a50BECB1df2Fb8136954f2062871bc7fc,10597817,1,
0x407D1349A1179472c29DC58431ce9BFCa3F5feCD,0x407D1349A1179472c29DC58431ce9BFCa3F5feCD,84,69,0x8F56682a50BECB1df2Fb8136954f2062871bc7fc,10600883,1,
0x7fF9d98cF5f4456e31F1126E994f1fE09684c260,0x7fF9d98cF5f4456e31F1126E994f1fE09684c260,98,68,0x8F56682a50BECB1df2Fb8136954f2062871bc7fc,10601686,1,
0x7fF9d98cF5f4456e31F1126E994f1fE09684c260,0x7fF9d98cF5f4456e31F1126E994f1fE09684c260,84,69,0x8F56682a50BECB1df2Fb8136954f2062871bc7fc,10601688,1,
0x2afB58A22E7D3c241ab7b9A1f68B9e8E74ec9D68,0x2afB58A22E7D3c241ab7b9A1f68B9e8E74ec9D68,84,69,0x8F56682a50BECB1df2Fb8136954f2062871bc7fc,10608374,1,
0x2afB58A22E7D3c241ab7b9A1f68B9e8E74ec9D68,0x2afB58A22E7D3c241ab7b9A1f68B9e8E74ec9D68,100,70,0x8F56682a50BECB1df2Fb8136954f2062871bc7fc,10608393,1,
0x2afB58A22E7D3c241ab7b9A1f68B9e8E74ec9D68,0x2afB58A22E7D3c241ab7b9A1f68B9e8E74ec9D68,98,68,0x8F56682a50BECB1df2Fb8136954f2062871bc7fc,10608396,1,
0x85C7199b5A36e87956cCA466233de6710E849d6D,0x85C7199b5A36e87956cCA466233de6710E849d6D,100,70,0x8F56682a50BECB1df2Fb8136954f2062871bc7fc,10608500,1,
0x85C7199b5A36e87956cCA466233de6710E849d6D,0x85C7199b5A36e87956cCA466233de6710E849d6D,84,69,0x8F56682a50BECB1df2Fb8136954f2062871bc7fc,10608505,1,
0x108a1448970b6A4BB3f427cd42040634bffae725,0x108a1448970b6A4BB3f427cd42040634bffae725,100,70,0x8F56682a50BECB1df2Fb8136954f2062871bc7fc,10608843,1,
0x85C7199b5A36e87956cCA466233de6710E849d6D,0x85C7199b5A36e87956cCA466233de6710E849d6D,52,71,0x8F56682a50BECB1df2Fb8136954f2062871bc7fc,10609654,1,
0x108a1448970b6A4BB3f427cd42040634bffae725,0x108a1448970b6A4BB3f427cd42040634bffae725,52,71,0x8F56682a50BECB1df2Fb8136954f2062871bc7fc,10610204,1,
0xbe255852C4301d6392Fb1D65003B7A0E0Ef6e6b0,0xbe255852C4301d6392Fb1D65003B7A0E0Ef6e6b0,52,71,0x8F56682a50BECB1df2Fb8136954f2062871bc7fc,10611348,1,
0xbe255852C4301d6392Fb1D65003B7A0E0Ef6e6b0,0xbe255852C4301d6392Fb1D65003B7A0E0Ef6e6b0,100,70,0x8F56682a50BECB1df2Fb8136954f2062871bc7fc,10611364,1,
0x2afB58A22E7D3c241ab7b9A1f68B9e8E74ec9D68,0x2afB58A22E7D3c241ab7b9A1f68B9e8E74ec9D68,52,71,0x8F56682a50BECB1df2Fb8136954f2062871bc7fc,10612006,1,
0x6d9ABa400a2a487a5Fb76c6d56518835553CD284,0x6d9ABa400a2a487a5Fb76c6d56518835553CD284,52,71,0x8F56682a50BECB1df2Fb8136954f2062871bc7fc,10612011,1,
0xBF84A11fcDcCB9C6aDe93E9E65F30c8231e3E3f8,0xBF84A11fcDcCB9C6aDe93E9E65F30c8231e3E3f8,100,70,0x8F56682a50BECB1df2Fb8136954f2062871bc7fc,10612532,1,
0xBF84A11fcDcCB9C6aDe93E9E65F30c8231e3E3f8,0xBF84A11fcDcCB9C6aDe93E9E65F30c8231e3E3f8,52,71,0x8F56682a50BECB1df2Fb8136954f2062871bc7fc,10612535,1,
0xD24FF5e32DE12be154B1C2eE7B731CBC45540E50,0xD24FF5e32DE12be154B1C2eE7B731CBC45540E50,100,70,0x8F56682a50BECB1df2Fb8136954f2062871bc7fc,10613224,1,
0xD24FF5e32DE12be154B1C2eE7B731CBC45540E50,0xD24FF5e32DE12be154B1C2eE7B731CBC45540E50,52,71,0x8F56682a50BECB1df2Fb8136954f2062871bc7fc,10613230,1,
0xF8A685702347377e396486967399f33c6c0C0A29,0xF8A685702347377e396486967399f33c6c0C0A29,52,71,0x8F56682a50BECB1df2Fb8136954f2062871bc7fc,10616341,1,
0xE1A3435B683d863bCB6c8aA093De08ED0557eE99,0xE1A3435B683d863bCB6c8aA093De08ED0557eE99,98,68,0x8F56682a50BECB1df2Fb8136954f2062871bc7fc,10626451,1,
0xE1A3435B683d863bCB6c8aA093De08ED0557eE99,0xE1A3435B683d863bCB6c8aA093De08ED0557eE99,100,70,0x8F56682a50BECB1df2Fb8136954f2062871bc7fc,10626464,1,
0xE1A3435B683d863bCB6c8aA093De08ED0557eE99,0xE1A3435B683d863bCB6c8aA093De08ED0557eE99,52,71,0x8F56682a50BECB1df2Fb8136954f2062871bc7fc,10626502,1,
0xE1A3435B683d863bCB6c8aA093De08ED0557eE99,0xE1A3435B683d863bCB6c8aA093De08ED0557eE99,84,69,0x8F56682a50BECB1df2Fb8136954f2062871bc7fc,10626509,1,
0xDe6ab16a4015c680daab58021815D09ddB57db8E,0xDe6ab16a4015c680daab58021815D09ddB57db8E,101,75,0x8F56682a50BECB1df2Fb8136954f2062871bc7fc,10637434,1,
0xDe6ab16a4015c680daab58021815D09ddB57db8E,0xDe6ab16a4015c680daab58021815D09ddB57db8E,103,74,0x8F56682a50BECB1df2Fb8136954f2062871bc7fc,10637440,1,
0xDe6ab16a4015c680daab58021815D09ddB57db8E,0xDe6ab16a4015c680daab58021815D09ddB57db8E,99,72,0x8F56682a50BECB1df2Fb8136954f2062871bc7fc,10637440,1,
0xDe6ab16a4015c680daab58021815D09ddB57db8E,0xDe6ab16a4015c680daab58021815D09ddB57db8E,102,73,0x8F56682a50BECB1df2Fb8136954f2062871bc7fc,10638104,1,
0xDe6ab16a4015c680daab58021815D09ddB57db8E,0xDe6ab16a4015c680daab58021815D09ddB57db8E,110,76,0x8F56682a50BECB1df2Fb8136954f2062871bc7fc,10638107,1,
0x108a1448970b6A4BB3f427cd42040634bffae725,0x108a1448970b6A4BB3f427cd42040634bffae725,112,82,0x8F56682a50BECB1df2Fb8136954f2062871bc7fc,10646065,1,
0x108a1448970b6A4BB3f427cd42040634bffae725,0x108a1448970b6A4BB3f427cd42040634bffae725,104,83,0x8F56682a50BECB1df2Fb8136954f2062871bc7fc,10647409,1,
0x292d76ef68931Cda7C2Fb2b580DF263dca3d9b9B,0x292d76ef68931Cda7C2Fb2b580DF263dca3d9b9B,52,71,0x8F56682a50BECB1df2Fb8136954f2062871bc7fc,10649031,1,
0x292d76ef68931Cda7C2Fb2b580DF263dca3d9b9B,0x292d76ef68931Cda7C2Fb2b580DF263dca3d9b9B,112,82,0x8F56682a50BECB1df2Fb8136954f2062871bc7fc,10649077,1,
0xDe6ab16a4015c680daab58021815D09ddB57db8E,0xDe6ab16a4015c680daab58021815D09ddB57db8E,109,77,0x8F56682a50BECB1df2Fb8136954f2062871bc7fc,10650088,1,
0xDe6ab16a4015c680daab58021815D09ddB57db8E,0xDe6ab16a4015c680daab58021815D09ddB57db8E,108,78,0x8F56682a50BECB1df2Fb8136954f2062871bc7fc,10650088,1,
0xDe6ab16a4015c680daab58021815D09ddB57db8E,0xDe6ab16a4015c680daab58021815D09ddB57db8E,107,79,0x8F56682a50BECB1df2Fb8136954f2062871bc7fc,10650092,2,
0xDe6ab16a4015c680daab58021815D09ddB57db8E,0xDe6ab16a4015c680daab58021815D09ddB57db8E,106,80,0x8F56682a50BECB1df2Fb8136954f2062871bc7fc,10650095,1,
0xDe6ab16a4015c680daab58021815D09ddB57db8E,0xDe6ab16a4015c680daab58021815D09ddB57db8E,113,84,0x8F56682a50BECB1df2Fb8136954f2062871bc7fc,10650099,1,
0xDe6ab16a4015c680daab58021815D09ddB57db8E,0xDe6ab16a4015c680daab58021815D09ddB57db8E,111,81,0x8F56682a50BECB1df2Fb8136954f2062871bc7fc,10650101,1,
0xE1A3435B683d863bCB6c8aA093De08ED0557eE99,0xE1A3435B683d863bCB6c8aA093De08ED0557eE99,112,82,0x8F56682a50BECB1df2Fb8136954f2062871bc7fc,10652159,1,
0xE1A3435B683d863bCB6c8aA093De08ED0557eE99,0xE1A3435B683d863bCB6c8aA093De08ED0557eE99,104,83,0x8F56682a50BECB1df2Fb8136954f2062871bc7fc,10652189,1,
0x4727E9E3Bc4F59f82304ABBd683087D41c975263,0x4727E9E3Bc4F59f82304ABBd683087D41c975263,100,70,0x8F56682a50BECB1df2Fb8136954f2062871bc7fc,10652638,1,
0x4727E9E3Bc4F59f82304ABBd683087D41c975263,0x4727E9E3Bc4F59f82304ABBd683087D41c975263,52,71,0x8F56682a50BECB1df2Fb8136954f2062871bc7fc,10652642,1,
0x4727E9E3Bc4F59f82304ABBd683087D41c975263,0x4727E9E3Bc4F59f82304ABBd683087D41c975263,104,83,0x8F56682a50BECB1df2Fb8136954f2062871bc7fc,10652647,1,
0x4727E9E3Bc4F59f82304ABBd683087D41c975263,0x4727E9E3Bc4F59f82304ABBd683087D41c975263,112,82,0x8F56682a50BECB1df2Fb8136954f2062871bc7fc,10652652,1,
0xBf7dB386bA18184b91D2B98E13F25dDEbc096f1C,0xBf7dB386bA18184b91D2B98E13F25dDEbc096f1C,104,83,0x8F56682a50BECB1df2Fb8136954f2062871bc7fc,10652824,1,
0x85C7199b5A36e87956cCA466233de6710E849d6D,0x85C7199b5A36e87956cCA466233de6710E849d6D,112,82,0x8F56682a50BECB1df2Fb8136954f2062871bc7fc,10652844,1,
0x2afB58A22E7D3c241ab7b9A1f68B9e8E74ec9D68,0x2afB58A22E7D3c241ab7b9A1f68B9e8E74ec9D68,112,82,0x8F56682a50BECB1df2Fb8136954f2062871bc7fc,10652984,1,
0x2afB58A22E7D3c241ab7b9A1f68B9e8E74ec9D68,0x2afB58A22E7D3c241ab7b9A1f68B9e8E74ec9D68,104,83,0x8F56682a50BECB1df2Fb8136954f2062871bc7fc,10652989,1,
0xBF84A11fcDcCB9C6aDe93E9E65F30c8231e3E3f8,0xBF84A11fcDcCB9C6aDe93E9E65F30c8231e3E3f8,104,83,0x8F56682a50BECB1df2Fb8136954f2062871bc7fc,10653073,1,
0x407D1349A1179472c29DC58431ce9BFCa3F5feCD,0x407D1349A1179472c29DC58431ce9BFCa3F5feCD,104,83,0x8F56682a50BECB1df2Fb8136954f2062871bc7fc,10653138,1,
0xDe6ab16a4015c680daab58021815D09ddB57db8E,0xDe6ab16a4015c680daab58021815D09ddB57db8E,115,86,0x8F56682a50BECB1df2Fb8136954f2062871bc7fc,10653208,1,
0xDe6ab16a4015c680daab58021815D09ddB57db8E,0xDe6ab16a4015c680daab58021815D09ddB57db8E,116,85,0x8F56682a50BECB1df2Fb8136954f2062871bc7fc,10653210,1,
0xbe255852C4301d6392Fb1D65003B7A0E0Ef6e6b0,0xbe255852C4301d6392Fb1D65003B7A0E0Ef6e6b0,104,83,0x8F56682a50BECB1df2Fb8136954f2062871bc7fc,10657046,2,
0x193BD90B68eB1df24d9C52D78960717B5e2ec9Bb,0x193BD90B68eB1df24d9C52D78960717B5e2ec9Bb,104,83,0x8F56682a50BECB1df2Fb8136954f2062871bc7fc,10657167,1,
0x193BD90B68eB1df24d9C52D78960717B5e2ec9Bb,0x193BD90B68eB1df24d9C52D78960717B5e2ec9Bb,112,82,0x8F56682a50BECB1df2Fb8136954f2062871bc7fc,10657182,1,
0xF8A685702347377e396486967399f33c6c0C0A29,0xF8A685702347377e396486967399f33c6c0C0A29,107,79,0x8F56682a50BECB1df2Fb8136954f2062871bc7fc,10657205,1,
0xC4B000EfC4c5622Aa43065190bbF4b3Ae133fd3F,0xC4B000EfC4c5622Aa43065190bbF4b3Ae133fd3F,112,82,0x8F56682a50BECB1df2Fb8136954f2062871bc7fc,10657914,1,
0xDe6ab16a4015c680daab58021815D09ddB57db8E,0xDe6ab16a4015c680daab58021815D09ddB57db8E,114,87,0x8F56682a50BECB1df2Fb8136954f2062871bc7fc,10657941,1,
0xDe6ab16a4015c680daab58021815D09ddB57db8E,0xDe6ab16a4015c680daab58021815D09ddB57db8E,117,88,0x8F56682a50BECB1df2Fb8136954f2062871bc7fc,10657944,1,
0xDe6ab16a4015c680daab58021815D09ddB57db8E,0xDe6ab16a4015c680daab58021815D09ddB57db8E,118,89,0x8F56682a50BECB1df2Fb8136954f2062871bc7fc,10657944,1,
0xDe6ab16a4015c680daab58021815D09ddB57db8E,0xDe6ab16a4015c680daab58021815D09ddB57db8E,119,90,0x8F56682a50BECB1df2Fb8136954f2062871bc7fc,10657944,1,
0xDe6ab16a4015c680daab58021815D09ddB57db8E,0xDe6ab16a4015c680daab58021815D09ddB57db8E,122,93,0x8F56682a50BECB1df2Fb8136954f2062871bc7fc,10663251,1,
0xDe6ab16a4015c680daab58021815D09ddB57db8E,0xDe6ab16a4015c680daab58021815D09ddB57db8E,121,92,0x8F56682a50BECB1df2Fb8136954f2062871bc7fc,10663251,1,
0xDe6ab16a4015c680daab58021815D09ddB57db8E,0xDe6ab16a4015c680daab58021815D09ddB57db8E,120,91,0x8F56682a50BECB1df2Fb8136954f2062871bc7fc,10663251,1,
0x607DBCc8f8A502493fAD2eAd62E21c8FCc2E23C5,0x607DBCc8f8A502493fAD2eAd62E21c8FCc2E23C5,104,83,0x8F56682a50BECB1df2Fb8136954f2062871bc7fc,10666742,1,
0x607DBCc8f8A502493fAD2eAd62E21c8FCc2E23C5,0x607DBCc8f8A502493fAD2eAd62E21c8FCc2E23C5,112,82,0x8F56682a50BECB1df2Fb8136954f2062871bc7fc,10666748,1,
0x85C7199b5A36e87956cCA466233de6710E849d6D,0x85C7199b5A36e87956cCA466233de6710E849d6D,104,83,0x8F56682a50BECB1df2Fb8136954f2062871bc7fc,10666940,1,
0xBF84A11fcDcCB9C6aDe93E9E65F30c8231e3E3f8,0xBF84A11fcDcCB9C6aDe93E9E65F30c8231e3E3f8,112,82,0x8F56682a50BECB1df2Fb8136954f2062871bc7fc,10672732,1,
0x7A9a568BA107AE35C31E7fDA6b99CedddE1e625B,0x7A9a568BA107AE35C31E7fDA6b99CedddE1e625B,112,82,0x8F56682a50BECB1df2Fb8136954f2062871bc7fc,10674121,1,
0x7A9a568BA107AE35C31E7fDA6b99CedddE1e625B,0x7A9a568BA107AE35C31E7fDA6b99CedddE1e625B,104,83,0x8F56682a50BECB1df2Fb8136954f2062871bc7fc,10674126,1,
0xDe6ab16a4015c680daab58021815D09ddB57db8E,0xDe6ab16a4015c680daab58021815D09ddB57db8E,123,94,0x8F56682a50BECB1df2Fb8136954f2062871bc7fc,10676083,1,
0xDe6ab16a4015c680daab58021815D09ddB57db8E,0xDe6ab16a4015c680daab58021815D09ddB57db8E,124,95,0x8F56682a50BECB1df2Fb8136954f2062871bc7fc,10676083,1,
0xDe6ab16a4015c680daab58021815D09ddB57db8E,0xDe6ab16a4015c680daab58021815D09ddB57db8E,125,96,0x8F56682a50BECB1df2Fb8136954f2062871bc7fc,10676083,1,
0xDe6ab16a4015c680daab58021815D09ddB57db8E,0xDe6ab16a4015c680daab58021815D09ddB57db8E,126,97,0x8F56682a50BECB1df2Fb8136954f2062871bc7fc,10676083,1,
0xDe6ab16a4015c680daab58021815D09ddB57db8E,0xDe6ab16a4015c680daab58021815D09ddB57db8E,127,98,0x8F56682a50BECB1df2Fb8136954f2062871bc7fc,10676083,1,
0xDe6ab16a4015c680daab58021815D09ddB57db8E,0xDe6ab16a4015c680daab58021815D09ddB57db8E,128,99,0x8F56682a50BECB1df2Fb8136954f2062871bc7fc,10676083,1,
0xbe255852C4301d6392Fb1D65003B7A0E0Ef6e6b0,0xbe255852C4301d6392Fb1D65003B7A0E0Ef6e6b0,129,100,0x8F56682a50BECB1df2Fb8136954f2062871bc7fc,10679950,1,
0x292d76ef68931Cda7C2Fb2b580DF263dca3d9b9B,0x292d76ef68931Cda7C2Fb2b580DF263dca3d9b9B,129,100,0x8F56682a50BECB1df2Fb8136954f2062871bc7fc,10680125,1,
0x292d76ef68931Cda7C2Fb2b580DF263dca3d9b9B,0x292d76ef68931Cda7C2Fb2b580DF263dca3d9b9B,104,83,0x8F56682a50BECB1df2Fb8136954f2062871bc7fc,10680142,1,
0x108a1448970b6A4BB3f427cd42040634bffae725,0x108a1448970b6A4BB3f427cd42040634bffae725,129,100,0x8F56682a50BECB1df2Fb8136954f2062871bc7fc,10681565,1,
0x3c44CCFAe554EB4A15041217203c61Bf068d6c33,0x3c44CCFAe554EB4A15041217203c61Bf068d6c33,104,83,0x8F56682a50BECB1df2Fb8136954f2062871bc7fc,10690566,1,
0x3c44CCFAe554EB4A15041217203c61Bf068d6c33,0x3c44CCFAe554EB4A15041217203c61Bf068d6c33,112,82,0x8F56682a50BECB1df2Fb8136954f2062871bc7fc,10690574,1,
0x891bAD61014e35395474A260B58BB6dF4fD8991B,0x891bAD61014e35395474A260B58BB6dF4fD8991B,129,100,0x8F56682a50BECB1df2Fb8136954f2062871bc7fc,10693561,1,
0x2afB58A22E7D3c241ab7b9A1f68B9e8E74ec9D68,0x2afB58A22E7D3c241ab7b9A1f68B9e8E74ec9D68,130,101,0x8F56682a50BECB1df2Fb8136954f2062871bc7fc,10697089,1,
0x2afB58A22E7D3c241ab7b9A1f68B9e8E74ec9D68,0x2afB58A22E7D3c241ab7b9A1f68B9e8E74ec9D68,129,100,0x8F56682a50BECB1df2Fb8136954f2062871bc7fc,10697106,1,
0x292d76ef68931Cda7C2Fb2b580DF263dca3d9b9B,0x292d76ef68931Cda7C2Fb2b580DF263dca3d9b9B,130,101,0x8F56682a50BECB1df2Fb8136954f2062871bc7fc,10697134,1,
0xE1A3435B683d863bCB6c8aA093De08ED0557eE99,0xE1A3435B683d863bCB6c8aA093De08ED0557eE99,130,101,0x8F56682a50BECB1df2Fb8136954f2062871bc7fc,10697397,1,
0xE1A3435B683d863bCB6c8aA093De08ED0557eE99,0xE1A3435B683d863bCB6c8aA093De08ED0557eE99,129,100,0x8F56682a50BECB1df2Fb8136954f2062871bc7fc,10697405,1,
0x108a1448970b6A4BB3f427cd42040634bffae725,0x108a1448970b6A4BB3f427cd42040634bffae725,130,101,0x8F56682a50BECB1df2Fb8136954f2062871bc7fc,10698320,1,
0xd890B3d16e868aa709dEe581C7Db0DCE651e6F4D,0xd890B3d16e868aa709dEe581C7Db0DCE651e6F4D,130,101,0x8F56682a50BECB1df2Fb8136954f2062871bc7fc,10702948,1,
0xa2e3BdaE9569c89B13cD4407a87FD063253b84F8,0xa2e3BdaE9569c89B13cD4407a87FD063253b84F8,130,101,0x8F56682a50BECB1df2Fb8136954f2062871bc7fc,10706551,1,
0x8C991297440a79358BD864902E704ecC815eac81,0x8C991297440a79358BD864902E704ecC815eac81,130,101,0x8F56682a50BECB1df2Fb8136954f2062871bc7fc,10719626,1,
0xBF84A11fcDcCB9C6aDe93E9E65F30c8231e3E3f8,0xBF84A11fcDcCB9C6aDe93E9E65F30c8231e3E3f8,130,101,0x8F56682a50BECB1df2Fb8136954f2062871bc7fc,10736551,1,
0x3c44CCFAe554EB4A15041217203c61Bf068d6c33,0x3c44CCFAe554EB4A15041217203c61Bf068d6c33,130,101,0x8F56682a50BECB1df2Fb8136954f2062871bc7fc,10736885,1,
0x108a1448970b6A4BB3f427cd42040634bffae725,0x108a1448970b6A4BB3f427cd42040634bffae725,135,102,0x8F56682a50BECB1df2Fb8136954f2062871bc7fc,10763671,1,
0x292d76ef68931Cda7C2Fb2b580DF263dca3d9b9B,0x292d76ef68931Cda7C2Fb2b580DF263dca3d9b9B,135,102,0x8F56682a50BECB1df2Fb8136954f2062871bc7fc,10764085,1,
0x7fF9d98cF5f4456e31F1126E994f1fE09684c260,0x7fF9d98cF5f4456e31F1126E994f1fE09684c260,135,102,0x8F56682a50BECB1df2Fb8136954f2062871bc7fc,10764401,1,
0x8C991297440a79358BD864902E704ecC815eac81,0x8C991297440a79358BD864902E704ecC815eac81,135,102,0x8F56682a50BECB1df2Fb8136954f2062871bc7fc,10765316,1,
0x407D1349A1179472c29DC58431ce9BFCa3F5feCD,0x407D1349A1179472c29DC58431ce9BFCa3F5feCD,134,103,0x8F56682a50BECB1df2Fb8136954f2062871bc7fc,10765650,1,
0x292d76ef68931Cda7C2Fb2b580DF263dca3d9b9B,0x292d76ef68931Cda7C2Fb2b580DF263dca3d9b9B,134,103,0x8F56682a50BECB1df2Fb8136954f2062871bc7fc,10765994,1,
0x512E07A093aAA20Ba288392EaDF03838C7a4e522,0x512E07A093aAA20Ba288392EaDF03838C7a4e522,135,102,0x8F56682a50BECB1df2Fb8136954f2062871bc7fc,10766600,2,
0x4Cb2ccbF80ddF2C12f8199b75c849CfA658BA9B5,0x4Cb2ccbF80ddF2C12f8199b75c849CfA658BA9B5,135,102,0x8F56682a50BECB1df2Fb8136954f2062871bc7fc,10766885,1,
0x4Cb2ccbF80ddF2C12f8199b75c849CfA658BA9B5,0x4Cb2ccbF80ddF2C12f8199b75c849CfA658BA9B5,134,103,0x8F56682a50BECB1df2Fb8136954f2062871bc7fc,10766896,1,
0x2afB58A22E7D3c241ab7b9A1f68B9e8E74ec9D68,0x2afB58A22E7D3c241ab7b9A1f68B9e8E74ec9D68,134,103,0x8F56682a50BECB1df2Fb8136954f2062871bc7fc,10767900,1,
0x2afB58A22E7D3c241ab7b9A1f68B9e8E74ec9D68,0x2afB58A22E7D3c241ab7b9A1f68B9e8E74ec9D68,135,102,0x8F56682a50BECB1df2Fb8136954f2062871bc7fc,10767907,1,
0x6Ad05aa9d4d1E619e8202a78956AE96efC4110B6,0x6Ad05aa9d4d1E619e8202a78956AE96efC4110B6,135,102,0x8F56682a50BECB1df2Fb8136954f2062871bc7fc,10768732,1,
0x3c44CCFAe554EB4A15041217203c61Bf068d6c33,0x3c44CCFAe554EB4A15041217203c61Bf068d6c33,135,102,0x8F56682a50BECB1df2Fb8136954f2062871bc7fc,10768916,1,
0xE1A3435B683d863bCB6c8aA093De08ED0557eE99,0xE1A3435B683d863bCB6c8aA093De08ED0557eE99,134,103,0x8F56682a50BECB1df2Fb8136954f2062871bc7fc,10769312,1,
0xE1A3435B683d863bCB6c8aA093De08ED0557eE99,0xE1A3435B683d863bCB6c8aA093De08ED0557eE99,135,102,0x8F56682a50BECB1df2Fb8136954f2062871bc7fc,10769318,1,
0x407D1349A1179472c29DC58431ce9BFCa3F5feCD,0x407D1349A1179472c29DC58431ce9BFCa3F5feCD,135,102,0x8F56682a50BECB1df2Fb8136954f2062871bc7fc,10770995,1,
0x750c31d2290c456FcCA1c659b6AdD80e7A88f881,0x750c31d2290c456FcCA1c659b6AdD80e7A88f881,135,102,0x8F56682a50BECB1df2Fb8136954f2062871bc7fc,10783620,1,
0x750c31d2290c456FcCA1c659b6AdD80e7A88f881,0x750c31d2290c456FcCA1c659b6AdD80e7A88f881,134,103,0x8F56682a50BECB1df2Fb8136954f2062871bc7fc,10784036,1,
0xd890B3d16e868aa709dEe581C7Db0DCE651e6F4D,0xd890B3d16e868aa709dEe581C7Db0DCE651e6F4D,135,102,0x8F56682a50BECB1df2Fb8136954f2062871bc7fc,10794266,1,
0x21a1F8c3Eaae5014c9564Ab77a1B2a207C9e4631,0x21a1F8c3Eaae5014c9564Ab77a1B2a207C9e4631,135,102,0x8F56682a50BECB1df2Fb8136954f2062871bc7fc,10798018,2,
0x292d76ef68931Cda7C2Fb2b580DF263dca3d9b9B,0x292d76ef68931Cda7C2Fb2b580DF263dca3d9b9B,136,104,0x8F56682a50BECB1df2Fb8136954f2062871bc7fc,10798611,1,
0x108a1448970b6A4BB3f427cd42040634bffae725,0x108a1448970b6A4BB3f427cd42040634bffae725,136,104,0x8F56682a50BECB1df2Fb8136954f2062871bc7fc,10799132,1,
0x2afB58A22E7D3c241ab7b9A1f68B9e8E74ec9D68,0x2afB58A22E7D3c241ab7b9A1f68B9e8E74ec9D68,136,104,0x8F56682a50BECB1df2Fb8136954f2062871bc7fc,10800276,1,
0xd890B3d16e868aa709dEe581C7Db0DCE651e6F4D,0xd890B3d16e868aa709dEe581C7Db0DCE651e6F4D,136,104,0x8F56682a50BECB1df2Fb8136954f2062871bc7fc,10800831,1,
0x8C991297440a79358BD864902E704ecC815eac81,0x8C991297440a79358BD864902E704ecC815eac81,134,103,0x8F56682a50BECB1df2Fb8136954f2062871bc7fc,10804444,1,
0x750c31d2290c456FcCA1c659b6AdD80e7A88f881,0x750c31d2290c456FcCA1c659b6AdD80e7A88f881,136,104,0x8F56682a50BECB1df2Fb8136954f2062871bc7fc,10809090,1,
0xbe255852C4301d6392Fb1D65003B7A0E0Ef6e6b0,0xbe255852C4301d6392Fb1D65003B7A0E0Ef6e6b0,136,104,0x8F56682a50BECB1df2Fb8136954f2062871bc7fc,10814776,1,
0xE1A3435B683d863bCB6c8aA093De08ED0557eE99,0xE1A3435B683d863bCB6c8aA093De08ED0557eE99,136,104,0x8F56682a50BECB1df2Fb8136954f2062871bc7fc,10814926,1,
0x407D1349A1179472c29DC58431ce9BFCa3F5feCD,0x407D1349A1179472c29DC58431ce9BFCa3F5feCD,136,104,0x8F56682a50BECB1df2Fb8136954f2062871bc7fc,10815256,1,
0x85C7199b5A36e87956cCA466233de6710E849d6D,0x85C7199b5A36e87956cCA466233de6710E849d6D,136,104,0x8F56682a50BECB1df2Fb8136954f2062871bc7fc,10816052,1,
0x149592Af062FF58Bc35B6fDd98831dCf2b939932,0x149592Af062FF58Bc35B6fDd98831dCf2b939932,136,104,0x8F56682a50BECB1df2Fb8136954f2062871bc7fc,10818711,2,
0x891bAD61014e35395474A260B58BB6dF4fD8991B,0x891bAD61014e35395474A260B58BB6dF4fD8991B,137,105,0x8F56682a50BECB1df2Fb8136954f2062871bc7fc,10820409,1,
0x750c31d2290c456FcCA1c659b6AdD80e7A88f881,0x750c31d2290c456FcCA1c659b6AdD80e7A88f881,137,105,0x8F56682a50BECB1df2Fb8136954f2062871bc7fc,10820544,1,
0xD24FF5e32DE12be154B1C2eE7B731CBC45540E50,0xD24FF5e32DE12be154B1C2eE7B731CBC45540E50,136,104,0x8F56682a50BECB1df2Fb8136954f2062871bc7fc,10820769,1,
0xD24FF5e32DE12be154B1C2eE7B731CBC45540E50,0xD24FF5e32DE12be154B1C2eE7B731CBC45540E50,137,105,0x8F56682a50BECB1df2Fb8136954f2062871bc7fc,10820781,1,
0x7A9a568BA107AE35C31E7fDA6b99CedddE1e625B,0x7A9a568BA107AE35C31E7fDA6b99CedddE1e625B,136,104,0x8F56682a50BECB1df2Fb8136954f2062871bc7fc,10821531,1,
0x7A9a568BA107AE35C31E7fDA6b99CedddE1e625B,0x7A9a568BA107AE35C31E7fDA6b99CedddE1e625B,137,105,0x8F56682a50BECB1df2Fb8136954f2062871bc7fc,10821543,1,
0xE1A3435B683d863bCB6c8aA093De08ED0557eE99,0xE1A3435B683d863bCB6c8aA093De08ED0557eE99,137,105,0x8F56682a50BECB1df2Fb8136954f2062871bc7fc,10821883,1,
0x85C7199b5A36e87956cCA466233de6710E849d6D,0x85C7199b5A36e87956cCA466233de6710E849d6D,137,105,0x8F56682a50BECB1df2Fb8136954f2062871bc7fc,10827669,1,
0x2afB58A22E7D3c241ab7b9A1f68B9e8E74ec9D68,0x2afB58A22E7D3c241ab7b9A1f68B9e8E74ec9D68,137,105,0x8F56682a50BECB1df2Fb8136954f2062871bc7fc,10828287,1,
0x46A968F38F2Ef98Eb51cC8c8a2C641Fd47042964,0x46A968F38F2Ef98Eb51cC8c8a2C641Fd47042964,136,104,0x8F56682a50BECB1df2Fb8136954f2062871bc7fc,10830902,1,
0x46A968F38F2Ef98Eb51cC8c8a2C641Fd47042964,0x46A968F38F2Ef98Eb51cC8c8a2C641Fd47042964,137,105,0x8F56682a50BECB1df2Fb8136954f2062871bc7fc,10830975,1,
0xC4B000EfC4c5622Aa43065190bbF4b3Ae133fd3F,0xC4B000EfC4c5622Aa43065190bbF4b3Ae133fd3F,136,104,0x8F56682a50BECB1df2Fb8136954f2062871bc7fc,10835725,1,
0xC4B000EfC4c5622Aa43065190bbF4b3Ae133fd3F,0xC4B000EfC4c5622Aa43065190bbF4b3Ae133fd3F,137,105,0x8F56682a50BECB1df2Fb8136954f2062871bc7fc,10835725,1,
0x149592Af062FF58Bc35B6fDd98831dCf2b939932,0x149592Af062FF58Bc35B6fDd98831dCf2b939932,137,105,0x8F56682a50BECB1df2Fb8136954f2062871bc7fc,10858734,2,
0xa2e3BdaE9569c89B13cD4407a87FD063253b84F8,0xa2e3BdaE9569c89B13cD4407a87FD063253b84F8,137,105,0x8F56682a50BECB1df2Fb8136954f2062871bc7fc,10864393,1,
0x750c31d2290c456FcCA1c659b6AdD80e7A88f881,0x750c31d2290c456FcCA1c659b6AdD80e7A88f881,138,106,0x8F56682a50BECB1df2Fb8136954f2062871bc7fc,10865337,1,
0xD24FF5e32DE12be154B1C2eE7B731CBC45540E50,0xD24FF5e32DE12be154B1C2eE7B731CBC45540E50,138,106,0x8F56682a50BECB1df2Fb8136954f2062871bc7fc,10866402,1,
0xD24FF5e32DE12be154B1C2eE7B731CBC45540E50,0xD24FF5e32DE12be154B1C2eE7B731CBC45540E50,139,107,0x8F56682a50BECB1df2Fb8136954f2062871bc7fc,10866408,1,
0x750c31d2290c456FcCA1c659b6AdD80e7A88f881,0x750c31d2290c456FcCA1c659b6AdD80e7A88f881,139,107,0x8F56682a50BECB1df2Fb8136954f2062871bc7fc,10866875,1,
0xE1A3435B683d863bCB6c8aA093De08ED0557eE99,0xE1A3435B683d863bCB6c8aA093De08ED0557eE99,138,106,0x8F56682a50BECB1df2Fb8136954f2062871bc7fc,10867011,1,
0xE1A3435B683d863bCB6c8aA093De08ED0557eE99,0xE1A3435B683d863bCB6c8aA093De08ED0557eE99,139,107,0x8F56682a50BECB1df2Fb8136954f2062871bc7fc,10867013,1,
0x0db737fAac55C104E2CCA99e982CE8658CaBbCc8,0x0db737fAac55C104E2CCA99e982CE8658CaBbCc8,139,107,0x8F56682a50BECB1df2Fb8136954f2062871bc7fc,10867325,1,
0x407D1349A1179472c29DC58431ce9BFCa3F5feCD,0x407D1349A1179472c29DC58431ce9BFCa3F5feCD,139,107,0x8F56682a50BECB1df2Fb8136954f2062871bc7fc,10868075,1,
0x108a1448970b6A4BB3f427cd42040634bffae725,0x108a1448970b6A4BB3f427cd42040634bffae725,139,107,0x8F56682a50BECB1df2Fb8136954f2062871bc7fc,10868132,1,
0x21a1F8c3Eaae5014c9564Ab77a1B2a207C9e4631,0x21a1F8c3Eaae5014c9564Ab77a1B2a207C9e4631,139,107,0x8F56682a50BECB1df2Fb8136954f2062871bc7fc,10869228,1,
0x108a1448970b6A4BB3f427cd42040634bffae725,0x108a1448970b6A4BB3f427cd42040634bffae725,138,106,0x8F56682a50BECB1df2Fb8136954f2062871bc7fc,10869677,1,
0xC4B000EfC4c5622Aa43065190bbF4b3Ae133fd3F,0xC4B000EfC4c5622Aa43065190bbF4b3Ae133fd3F,138,106,0x8F56682a50BECB1df2Fb8136954f2062871bc7fc,10872244,1,
0x85C7199b5A36e87956cCA466233de6710E849d6D,0x85C7199b5A36e87956cCA466233de6710E849d6D,139,107,0x8F56682a50BECB1df2Fb8136954f2062871bc7fc,10873185,1,
0xbe255852C4301d6392Fb1D65003B7A0E0Ef6e6b0,0xbe255852C4301d6392Fb1D65003B7A0E0Ef6e6b0,138,106,0x8F56682a50BECB1df2Fb8136954f2062871bc7fc,10874213,1,
0xbe255852C4301d6392Fb1D65003B7A0E0Ef6e6b0,0xbe255852C4301d6392Fb1D65003B7A0E0Ef6e6b0,139,107,0x8F56682a50BECB1df2Fb8136954f2062871bc7fc,10874221,1,
0xDe6ab16a4015c680daab58021815D09ddB57db8E,0xDe6ab16a4015c680daab58021815D09ddB57db8E,140,108,0x8F56682a50BECB1df2Fb8136954f2062871bc7fc,10874716,1,
0x8C991297440a79358BD864902E704ecC815eac81,0x8C991297440a79358BD864902E704ecC815eac81,139,107,0x8F56682a50BECB1df2Fb8136954f2062871bc7fc,10888219,1,
0x2afB58A22E7D3c241ab7b9A1f68B9e8E74ec9D68,0x2afB58A22E7D3c241ab7b9A1f68B9e8E74ec9D68,138,106,0x8F56682a50BECB1df2Fb8136954f2062871bc7fc,10894748,1,
0x2afB58A22E7D3c241ab7b9A1f68B9e8E74ec9D68,0x2afB58A22E7D3c241ab7b9A1f68B9e8E74ec9D68,139,107,0x8F56682a50BECB1df2Fb8136954f2062871bc7fc,10894751,1,
0x0db737fAac55C104E2CCA99e982CE8658CaBbCc8,0x0db737fAac55C104E2CCA99e982CE8658CaBbCc8,141,109,0x8F56682a50BECB1df2Fb8136954f2062871bc7fc,10896722,1,
0x85C7199b5A36e87956cCA466233de6710E849d6D,0x85C7199b5A36e87956cCA466233de6710E849d6D,141,109,0x8F56682a50BECB1df2Fb8136954f2062871bc7fc,10906461,1,
0x750c31d2290c456FcCA1c659b6AdD80e7A88f881,0x750c31d2290c456FcCA1c659b6AdD80e7A88f881,141,109,0x8F56682a50BECB1df2Fb8136954f2062871bc7fc,10913096,1,
0x149592Af062FF58Bc35B6fDd98831dCf2b939932,0x149592Af062FF58Bc35B6fDd98831dCf2b939932,141,109,0x8F56682a50BECB1df2Fb8136954f2062871bc7fc,10914734,1,
0x2afB58A22E7D3c241ab7b9A1f68B9e8E74ec9D68,0x2afB58A22E7D3c241ab7b9A1f68B9e8E74ec9D68,141,109,0x8F56682a50BECB1df2Fb8136954f2062871bc7fc,10921597,1,
0x8C991297440a79358BD864902E704ecC815eac81,0x8C991297440a79358BD864902E704ecC815eac81,141,109,0x8F56682a50BECB1df2Fb8136954f2062871bc7fc,10921711,1,
0x750c31d2290c456FcCA1c659b6AdD80e7A88f881,0x750c31d2290c456FcCA1c659b6AdD80e7A88f881,142,110,0x8F56682a50BECB1df2Fb8136954f2062871bc7fc,10924252,1,
0x85C7199b5A36e87956cCA466233de6710E849d6D,0x85C7199b5A36e87956cCA466233de6710E849d6D,142,110,0x8F56682a50BECB1df2Fb8136954f2062871bc7fc,10925593,1,
0xC4B000EfC4c5622Aa43065190bbF4b3Ae133fd3F,0xC4B000EfC4c5622Aa43065190bbF4b3Ae133fd3F,142,110,0x8F56682a50BECB1df2Fb8136954f2062871bc7fc,10931340,1,
0xC4B000EfC4c5622Aa43065190bbF4b3Ae133fd3F,0xC4B000EfC4c5622Aa43065190bbF4b3Ae133fd3F,141,109,0x8F56682a50BECB1df2Fb8136954f2062871bc7fc,10931349,1,
0xD24FF5e32DE12be154B1C2eE7B731CBC45540E50,0xD24FF5e32DE12be154B1C2eE7B731CBC45540E50,141,109,0x8F56682a50BECB1df2Fb8136954f2062871bc7fc,10931513,1,
0xD24FF5e32DE12be154B1C2eE7B731CBC45540E50,0xD24FF5e32DE12be154B1C2eE7B731CBC45540E50,142,110,0x8F56682a50BECB1df2Fb8136954f2062871bc7fc,10931532,1,
0xD24FF5e32DE12be154B1C2eE7B731CBC45540E50,0xD24FF5e32DE12be154B1C2eE7B731CBC45540E50,143,111,0x8F56682a50BECB1df2Fb8136954f2062871bc7fc,10931539,1,
0xbe255852C4301d6392Fb1D65003B7A0E0Ef6e6b0,0xbe255852C4301d6392Fb1D65003B7A0E0Ef6e6b0,143,111,0x8F56682a50BECB1df2Fb8136954f2062871bc7fc,10931583,1,
0xbe255852C4301d6392Fb1D65003B7A0E0Ef6e6b0,0xbe255852C4301d6392Fb1D65003B7A0E0Ef6e6b0,142,110,0x8F56682a50BECB1df2Fb8136954f2062871bc7fc,10931637,1,
0x750c31d2290c456FcCA1c659b6AdD80e7A88f881,0x750c31d2290c456FcCA1c659b6AdD80e7A88f881,143,111,0x8F56682a50BECB1df2Fb8136954f2062871bc7fc,10931683,1,
0x407D1349A1179472c29DC58431ce9BFCa3F5feCD,0x407D1349A1179472c29DC58431ce9BFCa3F5feCD,143,111,0x8F56682a50BECB1df2Fb8136954f2062871bc7fc,10932330,1,
0x21a1F8c3Eaae5014c9564Ab77a1B2a207C9e4631,0x21a1F8c3Eaae5014c9564Ab77a1B2a207C9e4631,142,110,0x8F56682a50BECB1df2Fb8136954f2062871bc7fc,10938704,1,
0x21a1F8c3Eaae5014c9564Ab77a1B2a207C9e4631,0x21a1F8c3Eaae5014c9564Ab77a1B2a207C9e4631,143,111,0x8F56682a50BECB1df2Fb8136954f2062871bc7fc,10938707,1,
0x21a1F8c3Eaae5014c9564Ab77a1B2a207C9e4631,0x21a1F8c3Eaae5014c9564Ab77a1B2a207C9e4631,144,112,0x8F56682a50BECB1df2Fb8136954f2062871bc7fc,10938713,1,
0x108a1448970b6A4BB3f427cd42040634bffae725,0x1fF679E192d014AF4ce869e3F386A318EbEE10B0,142,110,0x8F56682a50BECB1df2Fb8136954f2062871bc7fc,10942119,1,
0x108a1448970b6A4BB3f427cd42040634bffae725,0x1fF679E192d014AF4ce869e3F386A318EbEE10B0,143,111,0x8F56682a50BECB1df2Fb8136954f2062871bc7fc,10942123,1,
0x108a1448970b6A4BB3f427cd42040634bffae725,0x1fF679E192d014AF4ce869e3F386A318EbEE10B0,144,112,0x8F56682a50BECB1df2Fb8136954f2062871bc7fc,10942128,1,
0xd6f28BD94d1EdEfdf8fDE8f6F10094fef7e590c0,0xd6f28BD94d1EdEfdf8fDE8f6F10094fef7e590c0,143,111,0x8F56682a50BECB1df2Fb8136954f2062871bc7fc,10944823,1,
0x2afB58A22E7D3c241ab7b9A1f68B9e8E74ec9D68,0x2afB58A22E7D3c241ab7b9A1f68B9e8E74ec9D68,144,112,0x8F56682a50BECB1df2Fb8136954f2062871bc7fc,10945920,1,
0x2afB58A22E7D3c241ab7b9A1f68B9e8E74ec9D68,0x2afB58A22E7D3c241ab7b9A1f68B9e8E74ec9D68,143,111,0x8F56682a50BECB1df2Fb8136954f2062871bc7fc,10945924,1,
0x2afB58A22E7D3c241ab7b9A1f68B9e8E74ec9D68,0x2afB58A22E7D3c241ab7b9A1f68B9e8E74ec9D68,142,110,0x8F56682a50BECB1df2Fb8136954f2062871bc7fc,10945962,1,
0x750c31d2290c456FcCA1c659b6AdD80e7A88f881,0x750c31d2290c456FcCA1c659b6AdD80e7A88f881,144,112,0x8F56682a50BECB1df2Fb8136954f2062871bc7fc,10950445,1,
0xbe255852C4301d6392Fb1D65003B7A0E0Ef6e6b0,0xbe255852C4301d6392Fb1D65003B7A0E0Ef6e6b0,144,112,0x8F56682a50BECB1df2Fb8136954f2062871bc7fc,10951029,1,
0xE1A3435B683d863bCB6c8aA093De08ED0557eE99,0xE1A3435B683d863bCB6c8aA093De08ED0557eE99,142,110,0x8F56682a50BECB1df2Fb8136954f2062871bc7fc,10951959,1,
0xE1A3435B683d863bCB6c8aA093De08ED0557eE99,0xE1A3435B683d863bCB6c8aA093De08ED0557eE99,143,111,0x8F56682a50BECB1df2Fb8136954f2062871bc7fc,10951963,1,
0xE1A3435B683d863bCB6c8aA093De08ED0557eE99,0xE1A3435B683d863bCB6c8aA093De08ED0557eE99,144,112,0x8F56682a50BECB1df2Fb8136954f2062871bc7fc,10951970,1,
0x8C991297440a79358BD864902E704ecC815eac81,0x8C991297440a79358BD864902E704ecC815eac81,142,110,0x8F56682a50BECB1df2Fb8136954f2062871bc7fc,10953472,1,
0x8C991297440a79358BD864902E704ecC815eac81,0x8C991297440a79358BD864902E704ecC815eac81,144,112,0x8F56682a50BECB1df2Fb8136954f2062871bc7fc,10953472,1,
0x8C991297440a79358BD864902E704ecC815eac81,0x8C991297440a79358BD864902E704ecC815eac81,143,111,0x8F56682a50BECB1df2Fb8136954f2062871bc7fc,10953472,1,
0x407D1349A1179472c29DC58431ce9BFCa3F5feCD,0x407D1349A1179472c29DC58431ce9BFCa3F5feCD,144,112,0x8F56682a50BECB1df2Fb8136954f2062871bc7fc,10954408,1,
0x85C7199b5A36e87956cCA466233de6710E849d6D,0x85C7199b5A36e87956cCA466233de6710E849d6D,143,111,0x8F56682a50BECB1df2Fb8136954f2062871bc7fc,10958758,1,
0x85C7199b5A36e87956cCA466233de6710E849d6D,0x85C7199b5A36e87956cCA466233de6710E849d6D,144,112,0x8F56682a50BECB1df2Fb8136954f2062871bc7fc,10958761,1,
0x21a1F8c3Eaae5014c9564Ab77a1B2a207C9e4631,0x21a1F8c3Eaae5014c9564Ab77a1B2a207C9e4631,145,113,0x8F56682a50BECB1df2Fb8136954f2062871bc7fc,10967410,1,
0xD310A932Cb1dB29cDEFF5a7b6fc34ac7B4f0ED8C,0xD310A932Cb1dB29cDEFF5a7b6fc34ac7B4f0ED8C,144,112,0x8F56682a50BECB1df2Fb8136954f2062871bc7fc,10968639,1,
0xD310A932Cb1dB29cDEFF5a7b6fc34ac7B4f0ED8C,0xD310A932Cb1dB29cDEFF5a7b6fc34ac7B4f0ED8C,145,113,0x8F56682a50BECB1df2Fb8136954f2062871bc7fc,10968667,1,
0x7fF9d98cF5f4456e31F1126E994f1fE09684c260,0x7fF9d98cF5f4456e31F1126E994f1fE09684c260,143,111,0x8F56682a50BECB1df2Fb8136954f2062871bc7fc,10969026,1,
0x2afB58A22E7D3c241ab7b9A1f68B9e8E74ec9D68,0x2afB58A22E7D3c241ab7b9A1f68B9e8E74ec9D68,145,113,0x8F56682a50BECB1df2Fb8136954f2062871bc7fc,10970295,1,
0x7A9a568BA107AE35C31E7fDA6b99CedddE1e625B,0x7A9a568BA107AE35C31E7fDA6b99CedddE1e625B,143,111,0x8F56682a50BECB1df2Fb8136954f2062871bc7fc,10970774,1,
0x7A9a568BA107AE35C31E7fDA6b99CedddE1e625B,0x7A9a568BA107AE35C31E7fDA6b99CedddE1e625B,144,112,0x8F56682a50BECB1df2Fb8136954f2062871bc7fc,10970784,1,
0x7A9a568BA107AE35C31E7fDA6b99CedddE1e625B,0x7A9a568BA107AE35C31E7fDA6b99CedddE1e625B,145,113,0x8F56682a50BECB1df2Fb8136954f2062871bc7fc,10970787,1,
0xD24FF5e32DE12be154B1C2eE7B731CBC45540E50,0xD24FF5e32DE12be154B1C2eE7B731CBC45540E50,145,113,0x8F56682a50BECB1df2Fb8136954f2062871bc7fc,10970835,1,
0xD24FF5e32DE12be154B1C2eE7B731CBC45540E50,0xD24FF5e32DE12be154B1C2eE7B731CBC45540E50,144,112,0x8F56682a50BECB1df2Fb8136954f2062871bc7fc,10970842,1,
0x108a1448970b6A4BB3f427cd42040634bffae725,0x1fF679E192d014AF4ce869e3F386A318EbEE10B0,145,113,0x8F56682a50BECB1df2Fb8136954f2062871bc7fc,10973233,1,
0xE1A3435B683d863bCB6c8aA093De08ED0557eE99,0xE1A3435B683d863bCB6c8aA093De08ED0557eE99,145,113,0x8F56682a50BECB1df2Fb8136954f2062871bc7fc,10976976,1,
0xBF84A11fcDcCB9C6aDe93E9E65F30c8231e3E3f8,0xBF84A11fcDcCB9C6aDe93E9E65F30c8231e3E3f8,145,113,0x8F56682a50BECB1df2Fb8136954f2062871bc7fc,10978421,1,
0xd890B3d16e868aa709dEe581C7Db0DCE651e6F4D,0xd890B3d16e868aa709dEe581C7Db0DCE651e6F4D,145,113,0x8F56682a50BECB1df2Fb8136954f2062871bc7fc,10982322,1,
0x21a1F8c3Eaae5014c9564Ab77a1B2a207C9e4631,0x21a1F8c3Eaae5014c9564Ab77a1B2a207C9e4631,146,114,0x8F56682a50BECB1df2Fb8136954f2062871bc7fc,11082144,1,
0x149592Af062FF58Bc35B6fDd98831dCf2b939932,0x149592Af062FF58Bc35B6fDd98831dCf2b939932,146,114,0x8F56682a50BECB1df2Fb8136954f2062871bc7fc,11082731,1,
0x292d76ef68931Cda7C2Fb2b580DF263dca3d9b9B,0x292d76ef68931Cda7C2Fb2b580DF263dca3d9b9B,146,114,0x8F56682a50BECB1df2Fb8136954f2062871bc7fc,11083521,1,
0xD310A932Cb1dB29cDEFF5a7b6fc34ac7B4f0ED8C,0xD310A932Cb1dB29cDEFF5a7b6fc34ac7B4f0ED8C,146,114,0x8F56682a50BECB1df2Fb8136954f2062871bc7fc,11084090,1,
0xa2e3BdaE9569c89B13cD4407a87FD063253b84F8,0xa2e3BdaE9569c89B13cD4407a87FD063253b84F8,146,114,0x8F56682a50BECB1df2Fb8136954f2062871bc7fc,11084568,2,
0xDe6ab16a4015c680daab58021815D09ddB57db8E,0xDe6ab16a4015c680daab58021815D09ddB57db8E,146,114,0x8F56682a50BECB1df2Fb8136954f2062871bc7fc,11084964,1,
0xbe255852C4301d6392Fb1D65003B7A0E0Ef6e6b0,0xbe255852C4301d6392Fb1D65003B7A0E0Ef6e6b0,146,114,0x8F56682a50BECB1df2Fb8136954f2062871bc7fc,11085126,1,
0x2afB58A22E7D3c241ab7b9A1f68B9e8E74ec9D68,0x2afB58A22E7D3c241ab7b9A1f68B9e8E74ec9D68,146,114,0x8F56682a50BECB1df2Fb8136954f2062871bc7fc,11086516,1,
0x407D1349A1179472c29DC58431ce9BFCa3F5feCD,0x407D1349A1179472c29DC58431ce9BFCa3F5feCD,146,114,0x8F56682a50BECB1df2Fb8136954f2062871bc7fc,11086678,1,
0x750c31d2290c456FcCA1c659b6AdD80e7A88f881,0x750c31d2290c456FcCA1c659b6AdD80e7A88f881,146,114,0x8F56682a50BECB1df2Fb8136954f2062871bc7fc,11086875,1,
0xC4B000EfC4c5622Aa43065190bbF4b3Ae133fd3F,0xC4B000EfC4c5622Aa43065190bbF4b3Ae133fd3F,146,114,0x8F56682a50BECB1df2Fb8136954f2062871bc7fc,11086877,1,
0xE1A3435B683d863bCB6c8aA093De08ED0557eE99,0xE1A3435B683d863bCB6c8aA093De08ED0557eE99,146,114,0x8F56682a50BECB1df2Fb8136954f2062871bc7fc,11087017,1,
0x85C7199b5A36e87956cCA466233de6710E849d6D,0x85C7199b5A36e87956cCA466233de6710E849d6D,146,114,0x8F56682a50BECB1df2Fb8136954f2062871bc7fc,11087111,1,
0x108a1448970b6A4BB3f427cd42040634bffae725,0x1fF679E192d014AF4ce869e3F386A318EbEE10B0,146,114,0x8F56682a50BECB1df2Fb8136954f2062871bc7fc,11087437,1,
0x8C991297440a79358BD864902E704ecC815eac81,0xdC1444155445dd2aa6633b8ddbCB5da5dfD06A83,146,114,0x8F56682a50BECB1df2Fb8136954f2062871bc7fc,11087452,1,
0x03b8E0Ab5505fad9C62C70806e8277B56D006937,0x002B254aBdcEf1F9Af4e56f0e9776Bc1fEeA1edc,146,114,0x8F56682a50BECB1df2Fb8136954f2062871bc7fc,11087455,1,
0x6d9ABa400a2a487a5Fb76c6d56518835553CD284,0x6d9ABa400a2a487a5Fb76c6d56518835553CD284,146,114,0x8F56682a50BECB1df2Fb8136954f2062871bc7fc,11087857,1,
0xd890B3d16e868aa709dEe581C7Db0DCE651e6F4D,0xd890B3d16e868aa709dEe581C7Db0DCE651e6F4D,146,114,0x8F56682a50BECB1df2Fb8136954f2062871bc7fc,11091611,1,
0x891bAD61014e35395474A260B58BB6dF4fD8991B,0x891bAD61014e35395474A260B58BB6dF4fD8991B,146,114,0x8F56682a50BECB1df2Fb8136954f2062871bc7fc,11099166,1,
0xBF84A11fcDcCB9C6aDe93E9E65F30c8231e3E3f8,0xBF84A11fcDcCB9C6aDe93E9E65F30c8231e3E3f8,146,114,0x8F56682a50BECB1df2Fb8136954f2062871bc7fc,11100927,1,
0xBf7dB386bA18184b91D2B98E13F25dDEbc096f1C,0xBf7dB386bA18184b91D2B98E13F25dDEbc096f1C,146,114,0x8F56682a50BECB1df2Fb8136954f2062871bc7fc,11101075,1,
0xDe6ab16a4015c680daab58021815D09ddB57db8E,0xDe6ab16a4015c680daab58021815D09ddB57db8E,147,115,0x8F56682a50BECB1df2Fb8136954f2062871bc7fc,11432397,1,
0xDe6ab16a4015c680daab58021815D09ddB57db8E,0xDe6ab16a4015c680daab58021815D09ddB57db8E,148,116,0x8F56682a50BECB1df2Fb8136954f2062871bc7fc,11463049,1,
0xDe6ab16a4015c680daab58021815D09ddB57db8E,0xDe6ab16a4015c680daab58021815D09ddB57db8E,149,117,0x8F56682a50BECB1df2Fb8136954f2062871bc7fc,11497046,1,
0xDe6ab16a4015c680daab58021815D09ddB57db8E,0xDe6ab16a4015c680daab58021815D09ddB57db8E,150,118,0x8F56682a50BECB1df2Fb8136954f2062871bc7fc,11602135,1,
0xDe6ab16a4015c680daab58021815D09ddB57db8E,0xDe6ab16a4015c680daab58021815D09ddB57db8E,151,119,0x8F56682a50BECB1df2Fb8136954f2062871bc7fc,11658624,1,
0xDe6ab16a4015c680daab58021815D09ddB57db8E,0xDe6ab16a4015c680daab58021815D09ddB57db8E,152,120,0x8F56682a50BECB1df2Fb8136954f2062871bc7fc,11750920,1,
0xDe6ab16a4015c680daab58021815D09ddB57db8E,0xDe6ab16a4015c680daab58021815D09ddB57db8E,153,121,0x8F56682a50BECB1df2Fb8136954f2062871bc7fc,11874073,1,
0xDe6ab16a4015c680daab58021815D09ddB57db8E,0xDe6ab16a4015c680daab58021815D09ddB57db8E,154,122,0x8F56682a50BECB1df2Fb8136954f2062871bc7fc,11875366,1,
0xDe6ab16a4015c680daab58021815D09ddB57db8E,0xDe6ab16a4015c680daab58021815D09ddB57db8E,155,123,0x8F56682a50BECB1df2Fb8136954f2062871bc7fc,11918990,1,
0xDe6ab16a4015c680daab58021815D09ddB57db8E,0xDe6ab16a4015c680daab58021815D09ddB57db8E,156,124,0x8F56682a50BECB1df2Fb8136954f2062871bc7fc,11959553,1,
0xDe6ab16a4015c680daab58021815D09ddB57db8E,0xDe6ab16a4015c680daab58021815D09ddB57db8E,157,125,0x8F56682a50BECB1df2Fb8136954f2062871bc7fc,12061260,1,
0xDe6ab16a4015c680daab58021815D09ddB57db8E,0xDe6ab16a4015c680daab58021815D09ddB57db8E,158,126,0x8F56682a50BECB1df2Fb8136954f2062871bc7fc,12430638,1,
0xDe6ab16a4015c680daab58021815D09ddB57db8E,0xDe6ab16a4015c680daab58021815D09ddB57db8E,160,127,0x8F56682a50BECB1df2Fb8136954f2062871bc7fc,13148003,1,
0xDe6ab16a4015c680daab58021815D09ddB57db8E,0xDe6ab16a4015c680daab58021815D09ddB57db8E,161,128,0x8F56682a50BECB1df2Fb8136954f2062871bc7fc,13148004,1,
0x292d76ef68931Cda7C2Fb2b580DF263dca3d9b9B,0x292d76ef68931Cda7C2Fb2b580DF263dca3d9b9B,160,127,0x8F56682a50BECB1df2Fb8136954f2062871bc7fc,13167496,2,
0xDe6ab16a4015c680daab58021815D09ddB57db8E,0xDe6ab16a4015c680daab58021815D09ddB57db8E,162,129,0x8F56682a50BECB1df2Fb8136954f2062871bc7fc,13321422,1,
0xDe6ab16a4015c680daab58021815D09ddB57db8E,0xDe6ab16a4015c680daab58021815D09ddB57db8E,163,130,0x8F56682a50BECB1df2Fb8136954f2062871bc7fc,13325677,1,
0xDe6ab16a4015c680daab58021815D09ddB57db8E,0xDe6ab16a4015c680daab58021815D09ddB57db8E,164,131,0x8F56682a50BECB1df2Fb8136954f2062871bc7fc,13950867,1,
0xDe6ab16a4015c680daab58021815D09ddB57db8E,0xDe6ab16a4015c680daab58021815D09ddB57db8E,165,132,0x8F56682a50BECB1df2Fb8136954f2062871bc7fc,13990211,1,
0xDe6ab16a4015c680daab58021815D09ddB57db8E,0xDe6ab16a4015c680daab58021815D09ddB57db8E,166,133,0x8F56682a50BECB1df2Fb8136954f2062871bc7fc,14018713,1,
0xDe6ab16a4015c680daab58021815D09ddB57db8E,0xDe6ab16a4015c680daab58021815D09ddB57db8E,167,134,0x8F56682a50BECB1df2Fb8136954f2062871bc7fc,14131859,1,
0xDe6ab16a4015c680daab58021815D09ddB57db8E,0xDe6ab16a4015c680daab58021815D09ddB57db8E,168,135,0x8F56682a50BECB1df2Fb8136954f2062871bc7fc,14359890,1,
0xDe6ab16a4015c680daab58021815D09ddB57db8E,0xDe6ab16a4015c680daab58021815D09ddB57db8E,169,136,0x8F56682a50BECB1df2Fb8136954f2062871bc7fc,14617312,1,
0xDe6ab16a4015c680daab58021815D09ddB57db8E,0xDe6ab16a4015c680daab58021815D09ddB57db8E,170,137,0x8F56682a50BECB1df2Fb8136954f2062871bc7fc,14624267,1,
0xDe6ab16a4015c680daab58021815D09ddB57db8E,0xDe6ab16a4015c680daab58021815D09ddB57db8E,172,138,0x8F56682a50BECB1df2Fb8136954f2062871bc7fc,14967137,1,
