id,coldAddress,hotAddress,isContract,block
0d4f123c898bfd04-106,0x53824166ea5271d3425e3194c848a90ca4e97eb2,0xd46735ae2feca0a5b69fc12826ad9113b6a7e45a,false,7786351,
836de43be7fee36a-31,0x4702d39c499236a43654c54783c3f24830e247dc,0x4702d39c499236a43654c54783c3f24830e247dc,false,9406176,
c08be8c25647e070-139,0xee2826453a4fd5afeb7ceffeef3ffa2320081268,0xbef9124b9a1593982bb126bd97c1b8996caebade,false,7766777,
26ddfadfb0cfae55-115,0xeae9ab617e2d9d794598c883bf79efb50a1abf42,0x406b61ea27d9d952ea7cf7cdf94d472cebfef4b6,false,7981262,
e4b7652395b855a2-79,0x976d34936f9adb2712a1f0325984e18ca6a020c4,0x77c7f8b9e8cba5038505dc71f11a701595dc3bb3,false,8002758,
e4f0e6f8afad7c77-89,0x965c0ebb026fa306d2e9f96f37b42704fbcff64e,0x5d71b22a5fe3d18b188c8be0baf91aa8dfcaa692,false,9174784,
a1ae18ebea7c939d-59,0x13017fbc9a1acdd0b3813ad05d04fa264de5b3b1,0x13017fbc9a1acdd0b3813ad05d04fa264de5b3b1,false,8441152,
f32d3b2cbbe5f36a-61,0x74f5c68b5f533ec9aa3113d9007c20881ef821e0,0xce56f55480751059b939e747667893c683750ebb,false,7756263,
cc89c28affbbf430-224,0x77c934916e5f5af5c1e762ad69554d886dff0337,0x77c934916e5f5af5c1e762ad69554d886dff0337,false,10389391,
6d5a166d6f8945f6-90,0x311da6d80cc8994193168ba51b074649606cf6d2,0x311da6d80cc8994193168ba51b074649606cf6d2,false,8385548,
57a39d60fcedc292-83,0x3617e7e5f5fbf18ce45ad40a2e7ee7ac1405daeb,0x6a3000945173ad8905c70fda700ebbe1c41eab40,false,8339780,
2eecce27033c8b4b-146,0x49a3cdc1b9d13722d94e9a926fc9870e7037aab4,0x81930128f86c200748eeebbd575acce39a4d6765,false,9676756,
b1d208903b9bf32b-46,0x75e227673f8924f2b24c53ab5005cd9077b77979,0x9aac97b1d550f0e9cbb46a27ca8f2f04e30116ee,false,8888152,
68cb5af4410851a5-74,0x0e03135324256be0d5ff5593849204eb54adedb7,0x97460d4b021d1ef6c12a4fbf8275926a01ca594b,false,7765180,
1d72b3975f90d4e3-22,0xebef5d2843da434a294f7cd40d758aac8e1fca9c,0x767dcc5cb8ac3444e0d969c6b3ee8a41071a60a4,false,10580848,
511c1e021035e6c5-47,0x347f3a122cdd134a771a6ab169329ea0e79da018,0xdd9a55ea56a225c251bfa98fef1814ba29b30d27,false,8107043,
130ba678149cca13-13,0xa5a97c284c8718972e475fe5ce988c466022b074,0x326d596608bfb4a0b1f52504220552a4423f5ae4,false,7895691,
c0e188e9c620c649-7,0x3ec65239ba58876fd6d4311a70c5cf686e5e128f,0xb60464390b4f5ef39d389bc079514286e6dfb831,false,8880973,
5febc58573ff0d53-121,0x1d163a711f07b1c49823ff3466424a9d9e7d2c16,0x009b56330ae5ec5042b9ca46ddb3043cc0d006f3,false,8746789,
ea41d79eff5dbcde-32,0x5310280631f13159ba7c34c794e0271a5735e99b,0x52152336938453bd1f849e06901058606e9624ce,false,7902674,
25b77997aecfd006-44,0xecadea38b04f024445f560f93778aaa902d1c626,0x0e0ec712b3912b5601216455a158cf18152cb62a,false,8138656,
67a980327591d668-31,0xdcfcbd0ee537882be942477c0955b97ff1903320,0xdcfcbd0ee537882be942477c0955b97ff1903320,false,9528577,
c3b233dae304c451-59,0x8cad0f8d6e138fbe3e0129cae517dfde6e3f7277,0x77bb154197a23ca1728e25e8cb417eb2ae3b7c27,false,7764943,
b716209b42ed34f5-76,0x7182322b2c511b4a1f2d13e31b4d4615f2afdafd,0x80224b743c87a44b0fa98883c8ab4afb1e562e02,false,8676721,
5b10dbb9b1b5db21-48,0x00cc52ccf4ef38b8112fe73b9db72729e591a929,0x0048e6a30474c8da80dcfc18842eea033ac8ee2a,false,7910141,
79a711a5c6b71314-61,0x92e74e50edce4573d181c03ca889f72640cd3a94,0xc4abbb0099c3db6e8bebd3693ed66f7fe020f405,false,8401102,
35fdbad5f6915be4-126,0xf9efd36b93d9c3423714bd26f4588b5434b36f17,0xf9efd36b93d9c3423714bd26f4588b5434b36f17,false,10240396,
0ec107b44a583032-164,0x5fe1eddb81a6e2ad3c10391c74c4f3e55c30f6f9,0x5fe1eddb81a6e2ad3c10391c74c4f3e55c30f6f9,false,9213447,
6161932626ff306d-91,0x3187923915ef910a1da0af1de12a55824a7e7e60,0x6860cc13bd9dd5f975a0403046e7488a0a57483e,true,10394446,
95e94868a92a7f9f-45,0x167d2d8e169bc5e31f38c894b1aff4b96beaa0e5,0xe7557c80ba69cb28784dccbf93bd8c7b94b343f4,false,8941060,
4cf39d381bdb933a-148,0x198bf78b6625e6c14907cb12ff3c93f9fe81f393,0x2cfcc3e5f544046447aeeeaee61e6fd04137ca67,false,8941771,
3b8bdbade37dcbdf-75,0x3f11570b7cb2f8720e80c22dd7a295f97fa35586,0x8a8157c8100f84980083359b3ae065ee3242d677,false,8061935,
c32fc50946345aef-128,0xd716ad4f10eade5af4ed10006678f49bd2e6624f,0x49739691fb5f3992b3f2536f309d955558e75933,false,8174713,
2ba6bc3faa55e3e4-35,0x5e6532500986de4cb24ba011c565bff413a78984,0x51940f5f8eb0bf150edd0bc00067d8dabdb16bd6,false,7849712,
d03624039545f20e-88,0xdbbbdc3759b8606020d19d6b3fe88f1f98c0da7e,0x142f4636a8cc478e7e8de9fda748eb5d295405e5,false,9902699,
d7bd53df928aa6b8-65,0xc22088483841152762e92eedccf7922200d2d581,0xc22088483841152762e92eedccf7922200d2d581,false,10381872,
f1f97f4098d98bfc-93,0x327959d62840163732ffd6ac73ef66367547f0d4,0x327959d62840163732ffd6ac73ef66367547f0d4,false,7980426,
c086243d635b2db3-33,0x62cf5116b279a781027be20e3f7c7edbd336e386,0x5df7f1fd0f379fbe5072cef163a578fed1d89f8f,false,9988928,
b1245a5e368b18d5-75,0x87c2de1a736b4df00084c401a57b50a1fbb4c249,0x49b8fb79be377204ca10fa717cf76ce773113003,false,7986285,
ff5b63f1d85bf0ed-121,0x9cfd5052dc827c11a6b3ab2bb5091773765ea2c8,0x9cfd5052dc827c11a6b3ab2bb5091773765ea2c8,false,9690045,
2488617fe713dc2c-74,0x2e1d4215e9c527aa2d0d945ac978d3e70dd0195f,0xed682972bc0d52c9f9e20409a5fa6108052fd5cd,false,8770148,
8634d5f42b843c70-36,0x3e3c68d8a46a4df2beb898b88da4984e9d0df52a,0x6b5dd59a1bc6f0ef7903881e84afd9186e5c1a93,false,7844028,
9196b48f74332e49-37,0xa58a76cfd404b1fc05a34abf84a934e7bd9c73ee,0xfa8317b9f24f95c7f127e1616cfb69ccb1687a86,false,8122531,
a72a600406d9b1eb-12,0x39d9abcb3a1d20a6cbb69cd168639b76977cdcac,0x39d9abcb3a1d20a6cbb69cd168639b76977cdcac,false,9802896,
d2dca4c2ee86b3b9-286,0x585221cb8a4a5f5ed39843f80becf982841da169,0x585221cb8a4a5f5ed39843f80becf982841da169,false,8738000,
13024456a0430d2e-15,0xabcd465c2dbb7846b374e9acffe1e7744229452e,0x4d4e45001ae6f022a9567e4d9fd098cdcfae98d9,false,8850234,
66d9ee6e82aebe6b-37,0x496d466e4280f5d2da52e914d6b4c7a52a5d5adf,0x496d466e4280f5d2da52e914d6b4c7a52a5d5adf,false,8983032,
200fa1dc4351f5a0-88,0xeb54121aba75bd6ec1ccf3a872706b1e116c92a3,0xeb54121aba75bd6ec1ccf3a872706b1e116c92a3,false,9539943,
a435385042df7408-111,0xa9d062b23650c9191673d9496d9e700d37dc55f5,0xf2198e9bd2f5320f8d56286d55bb9d309afa534f,false,10562899,
b86e80f0a98920e4-22,0x7bf723a7fb7d9013341c299c1b9c3fa0dd952fc6,0x7bf723a7fb7d9013341c299c1b9c3fa0dd952fc6,false,10842341,
02b525d9edb7daeb-80,0xa652565db815ad3b138fd98830d14cfd1826693a,0xa652565db815ad3b138fd98830d14cfd1826693a,false,8121308,
ac96e44d36dbe5fb-53,0x155287b16da387cb8d6eac657bacc6d66c2ed140,0x155287b16da387cb8d6eac657bacc6d66c2ed140,false,8156810,
05e144fb930aeeda-52,0xf47b25c9aa978f080995fdcd0d1b04ce274747ba,0xf47b25c9aa978f080995fdcd0d1b04ce274747ba,false,9321139,
933c01cfbb8520fc-48,0x119ac0356b561a2558861d042c10970f057fe529,0x341e73ca369e5977f04d0deea7cecf284b5ee938,false,8203213,
bb932269b8716e3c-121,0x98772028a313b7b0cdb5d227ea1bf5007bd24432,0x98772028a313b7b0cdb5d227ea1bf5007bd24432,false,8734868,
91f962c11e8c0ab4-134,0xbd1f7d88c76a86c60d41bddd4819fae404e7151e,0xbd1f7d88c76a86c60d41bddd4819fae404e7151e,false,9838860,
66146b7a1003aba5-131,0xbd22982f2cd27cb67df2efff789d042fb3635ae8,0xbd22982f2cd27cb67df2efff789d042fb3635ae8,false,9761219,
b5b64a8ae0ebcd0f-89,0xa37a8b17165e58e3b16669eb12712cbdc4dfffe1,0x1a332eb0e90c2074946363a9759014dc97f6056a,false,8399869,
cb57616736a51ce0-64,0xd5684ae2a4a722b8b31168acf6ff3477617073ea,0xac75b73394c329376c214663d92156afa864a77f,false,7762359,
714bdb2f925652b0-133,0x2c09820c5af64b7343c8dc5818d07b9fa434d955,0xc86f1cf448c3dd9909b22630b3ad057d2087da4b,false,8941748,
21d4b025ea5ddc4d-9,0x943f9a7a5e5a6617d1e365a4822ea5f940c02d26,0xf62cb35997d28bd5178a45e100c76b583611717a,false,8952210,
0569c9b507656fad-99,0xbadc1c963878bd9104e9676624488bfcf98aad8f,0x612980fee97a1217704c62e5686373218d1350d8,false,9361156,
026af48e639bb15d-107,0x38535f27d5999da5b0280984ee64491cf3a4df80,0x2eb5e41673506c9acfc94b665bd0ca5b5f7335f9,false,9119941,
6da10502c9a550ed-11,0x00ff28c8c2c2a80971eccf0aa806fce512e93280,0x0e6a4404586837442501468567163e2fec0b226e,false,8117526,
2024d1e356afb014-90,0xf927f23ce9d81270b5c6802ea4d7da1a346fafe2,0x55e8a7f72a15cea2377872f337b4c7b26240f744,false,8381573,
b5d14aaa00d5d92e-36,0x8b272d1b710abbb5cc201979574a6a6ee4cdc62d,0x3dc389e0a69d6364a66ab64ebd51234da9569284,false,7771908,
4811011b0064a6f2-38,0xf738d4b3ac7306f4ef3356aa8b430e40c78465f9,0xf8d286e13987ba20a3a3f19c8e8c4d35fba8f8b4,false,8278218,
f23085febc0f61c4-21,0xcd8ff627d21a4d2a67fb10f849f2e3454770bcd1,0xcd8ff627d21a4d2a67fb10f849f2e3454770bcd1,false,8747937,
3a2ad45cc011f1d9-16,0x35add85d5cb7f5f23fec8a311a450104e6a35a4d,0xe896bcce9fbb3341a1e98f98ec7a6ffbdea35060,false,7740414,
324fdf2dc82f4c82-99,0x8aef319dcdbc0f1cbbd7d839ccc32cb13a75764c,0x54c1632c049ff4a1e36b81e5d1d8f079cfdb8505,false,9604005,
aa935743a84d139d-85,0x6286e122c8432a213fcc62baccd11315f20c1db6,0x83df818a6ea6e57e3dea4ece36ff3186d7f48f79,false,7779408,
87e23ec53aba793b-64,0xdd2d3f7fa524e59157e98d38271275fbeeb56317,0x22b74830815c97a4b39b45db4556c4a7bb9b99b6,false,10232912,
3134c455fc562370-9,0x71432e76653ea9657ff32509272ffd722257bb61,0xfb010f33844d0fbee498f3286e97cfab62816e6e,false,10497699,
24f7a7b1e7a4bb01-133,0x2961c75edc003da2ad710dd664505506edd16d06,0x2961c75edc003da2ad710dd664505506edd16d06,false,8949973,
f85d4a8a7dcadb93-110,0x24394a4758dbdcf6fcbc14dc35af64ac0d9a450a,0x0035fc5208ef989c28d47e552e92b0c507d2b318,false,9080156,
85bb3805355678e2-67,0x79d4da48709e007f851383e466123abf9ffdb9b5,0x79d4da48709e007f851383e466123abf9ffdb9b5,false,8407604,
c25bc5cad40e5963-13,0x242a671739a509dab71de5ecc62740d419dcb949,0x242a671739a509dab71de5ecc62740d419dcb949,false,7838848,
00be167395cea3c8-59,0xc9a5c829bd2ca1c9ef5df270cb3c9421a26aaa7f,0xc9a5c829bd2ca1c9ef5df270cb3c9421a26aaa7f,false,7842593,
8850f60f0a1a964b-63,0xa6edc956290b7ce416c5d8edc67e1c32506fe099,0xbb892f3975b96fd88bbbf79b541acfea325f18c5,false,8086452,
31a0aa8a9d7498f6-119,0x5b3006c981fa2879964d7367cee8a6cbf6658789,0xf56b7c1194e11f941a9ee681d0a4bffa12a7924a,false,9528676,
cf1cc15945fa9c99-39,0x1c8c9e907590555c9175ca0070d3630ca76e1e26,0x25ae7b45d8646580dfcae403d29164729eb8642f,false,9851409,
ec4079c86e3d87cf-163,0xe87bb1d31e8b69a51ef38b5e73dff2efc32fd309,0xe87bb1d31e8b69a51ef38b5e73dff2efc32fd309,false,10974860,
934fcbf7ab3f56ce-47,0xd0c34e1772aedede1315980ad63df8a3bebe391e,0xd0c34e1772aedede1315980ad63df8a3bebe391e,false,9272312,
f1f014832b51e4a9-43,0x1cb09395d6be2b02d363eacd818d2a74e92a1e0d,0xbb892f3975b96fd88bbbf79b541acfea325f18c5,false,7899588,
77270540d9479a44-82,0x119ac0356b561a2558861d042c10970f057fe529,0x341e73ca369e5977f04d0deea7cecf284b5ee938,false,8203247,
2417bddade21f703-173,0x8bc2cde4699d3d634211d9731a825d0c018d156e,0xcb808a9aad7d219d8cb848e2a96ff8632c26e16b,false,8933807,
9f1addd6226981d9-130,0xeae9ab617e2d9d794598c883bf79efb50a1abf42,0x406b61ea27d9d952ea7cf7cdf94d472cebfef4b6,false,7981231,
a9eb90b59c9196b5-19,0xe84f67eca9ed5c69c0915b13533eb09b63f0edb1,0x14e62987e321e921fea27331db4fe529aeca6098,false,10206911,
ad4b1c6c0efc7589-85,0x6f949c1403c34f15ba101a515bd7a9a44f6058ef,0x21e2195844140a156a682ad9d8b5546b3b7d74e4,false,9789181,
d0aefdd566ed5682-30,0xbd2106a14d0c141143a739b1b13ccd8e2ba7e8bf,0xcd606da203eb3aeca5f8e0a19fbcc08e65e8ddd7,false,8142690,
9d39ecd5584d2dd1-35,0x24394a4758dbdcf6fcbc14dc35af64ac0d9a450a,0x0035fc5208ef989c28d47e552e92b0c507d2b318,false,9080184,
9e1f7a99b6c41b18-196,0x7d9fb540504d8f277099472b89113485f712c546,0x7d9fb540504d8f277099472b89113485f712c546,false,10538474,
25f5304b29dcc378-40,0x7d6149ad9a573a6e2ca6ebf7d4897c1b766841b4,0x7d6149ad9a573a6e2ca6ebf7d4897c1b766841b4,false,9736026,
5491c919c195db70-16,0xfd275898e3136dbda589c364515712a1fd31b1de,0xfd275898e3136dbda589c364515712a1fd31b1de,false,8120201,
bd343e7c2161f1b4-123,0x6886d00b20cc64280010c789afe54b3791c01ec6,0xe602d1d6a52b5022a81c4ee7020292261bbb6f17,false,8944878,
a1638ad812af90da-97,0xd6461d36acdeb756bb1c1a8430ea3e3d5c479c8d,0x3df07bad96ef2e71f7597929ec6ac4a61fa26060,false,7824862,
18504c0ecf481f9d-172,0x75edccfa5f9d1f1571ddd0fdf02af03a28fcb522,0x75edccfa5f9d1f1571ddd0fdf02af03a28fcb522,false,10948414,
1b199bfba07395ee-63,0xdd2d3f7fa524e59157e98d38271275fbeeb56317,0xee10f133b91e3e700e6f254b446ccac6fd287eda,false,9928495,
bfe31cf060e8c92c-14,0x15cfffe4937319370be33ad08942840d3b863181,0xadab30c23d34469d2b6f7d8f13a92e52d65d72ae,false,8271758,
aefd3a37674d8200-13,0x54503003f08a14b5767a1bfdd06f76d2f56764b2,0x34e5a165aab6e7b5deeb3172bd49b29f2192dc68,false,8466841,
9a63b06d847f86ac-28,0xa3d1d77a02ac5e5c1015d2e105b926a2355021a8,0x909f5c87b514fedf906de9236df48b65236454c4,false,8890736,
edd23aa2e088213f-107,0x2abdf472c0c170f9a18c5cd4f812c292c945883b,0x5ec119be6073a0688febd1ba4daf38a05d2aa049,false,8980440,
c39a364d0faac42f-86,0xbd8ccbe7247b99d87a10593ce0f5d7e300bc049e,0x671367444196bc5a9283a4c1f0b7fdd7c93a0e7a,false,8945785,
53dc0fe90de582b9-73,0x3a4357b1626e3e8efb590614bf621f948fc7baa9,0x3a4357b1626e3e8efb590614bf621f948fc7baa9,false,8939305,
0a543affa553eefe-22,0x6c542088dd2a14a09f1aaa7f599648add90adc7b,0x3fc3ce9bce3901f43dd3a181835d0328d853f6eb,false,8203251,
2ce653963f854e10-47,0x08444dd50ec6a9022a3ca202abb3e286922c7aa1,0xb44ce26e1e8e755d75cc4c69d63aea6f62505a70,false,9233107,
9c07517c89dfd1aa-127,0x6bada45e56f1e8705aab08bd2b2414ae5688e511,0x6e2288c0c91537094b7c4ddf44edef084bed8bc2,false,7795748,
4268386e3831b31e-83,0xf913b7ac32f76159d134eced6ced0b85d225d909,0xe896bcce9fbb3341a1e98f98ec7a6ffbdea35060,false,8267809,
4645934ccf06048c-93,0x87c2de1a736b4df00084c401a57b50a1fbb4c249,0x49b8fb79be377204ca10fa717cf76ce773113003,false,7941353,
00d7b4a3d462e596-70,0x4444a136b1445b1f5e4a20656854adcf6fa3d667,0x4444a136b1445b1f5e4a20656854adcf6fa3d667,false,10051765,
2ade0e22d4697340-209,0xadd1d4ce2ca48a23c1add68302288f71a88be67b,0x6e119747e7e82046825e5fadd9a416da6d6ceb8b,true,11009846,
7daf42c5dffb0ee4-100,0x1288e3dad9deb275deb8793f5e206ab17bf11224,0x81935eb120ef44b3f615f09765e669106769c237,false,9286605,
96b0c87b05e984ff-37,0x307ce1362ce1e80fe8e8159408d7831fcb17b3e4,0x12a408ea9aa79db3c2d93fea48c4b1f29f884c67,false,8627644,
6b4fb60f1bc922be-121,0xdb002429cc4a68c1a146f53db086cf1a3ee7c6ab,0xdb002429cc4a68c1a146f53db086cf1a3ee7c6ab,false,8880368,
c5f51723e2897e83-8,0xe15b4b1921bbf7066a82ca71a751063e99c86154,0xa7c889967c72dffce8abb1404602a4647a38643e,false,10034688,
62b24a027e872c7f-157,0x487f250135e4e017715b9648730c78cefff185bf,0x487f250135e4e017715b9648730c78cefff185bf,false,10382507,
ef91d18782d2c3f5-144,0x00bc71bb2871eeb67df03e04529ff2c609cd9c72,0x00bc71bb2871eeb67df03e04529ff2c609cd9c72,false,9902385,
b919d0a8560a7f15-434,0xe954cc078fd9372971b243824575dc61dcdda0d7,0xe954cc078fd9372971b243824575dc61dcdda0d7,false,8940480,
158554fc2d9d8c38-136,0x1d163a711f07b1c49823ff3466424a9d9e7d2c16,0x009b56330ae5ec5042b9ca46ddb3043cc0d006f3,false,8746714,
b00cd4afa63188eb-32,0xc6f03b164e9035ba5a34bc6cbec3bcc308260ee6,0xe9c245293dac615c11a5bf26fcec91c3617645e4,false,7708367,
a975e2fa929fbad2-229,0x59dac1f26712b671d3b02a49a427ea059ca67f9a,0xd43f3716cbb9386352880a9bd52f7f07ac01752b,false,11007915,
85836f3c567ce70e-124,0xa7c4d4c645229b047a7e48e648a10609f541e88c,0x7c0880a95ee138e898045b7be8e9c7fa6c13935b,false,8889312,
e159205ee5e203ad-72,0x05e28cfd6371a8920273add5d1d21919fb98f8ba,0xf90d2c1af3713aed5d47ea5bdf6c9d0f9c58e91a,false,8829734,
64b67d34976f8848-99,0xe4b0fea2c1c6c90c356bfbbe04b7233a3f144c00,0xe4b0fea2c1c6c90c356bfbbe04b7233a3f144c00,false,8423068,
d7086c29d59a7f78-43,0xdcb41dfc21c5c97fb8716a84acc9db5450e3fd2c,0x72a5ba942a401c4bd08a32963b75f971292213a8,false,7887677,
c3c38749404c2a42-161,0x0f8c58edf65cbd972d175bfe481bc16fa8deee45,0x170f105d674bbcae575d957a58795af6e346ef6b,false,9928352,
339cb40adc45e465-21,0x5564be93bc648c648259c28b235017f159e29b91,0xebe4890e6274872bb619fe4f4c2ed59fecc75c28,false,8538639,
8761863dc0e2fdfe-80,0x00b56c70197e8b1abfa3387aea0674bb3cc758b0,0x00eee5bbe0524901628ee8131eb1c0b90a02a8d7,false,8107652,
f09f883e53352b70-121,0x867ef23c482b1c41fa2336fa239ba14e4af68d1f,0xb190bc922e8fbec4dd673dee6c0d86f0e4b73f09,false,7795837,
3a1b6c811cf76bbb-180,0xffcd972453d7de0173b4829b132cc4f261bda820,0xffcd972453d7de0173b4829b132cc4f261bda820,false,10444259,
3b4d6202d32e4711-12,0xf2ba322c432be32ed6e63302670d22901bdb57e2,0x9a90bd8d1149a88b42a99cf62215ad955d6f498a,false,7710026,
a6660a23b1cadbfe-91,0xd9c68eb096db712ffe15ede78b3d020903f8aa30,0x7bacf22f747f2f4b983081c0aa76dddfecd008ab,false,7825059,
bd4c68857119cad6-249,0x89849d39fd3ecec642a2969c20b529f456afe519,0x14341f81df14ca86e1420ec9e6abd343fb1c5bfc,false,9698747,
2749a096cbb3d125-8,0xc153f9bd2a1f6dbe955c01a9715440eacb658043,0xe4a8dfca175cdca4ae370f5b7aaff24bd1c9c8ef,false,7898706,
2ec6d230bdf0719e-161,0xadb9e70d237bfdc8a66f94814cb7bd3629c5cd89,0x317112017fb54ec6f4dab35e09896687b029066b,false,10059805,
23f85572ce2618c4-135,0xb6e4094e34bf8a9fe2993694a93241f24d21fdc3,0xa97895d98d15c4722f23fe8c6014d4ea0d81dee2,false,7832336,
dd0bc4ca7e58f0e3-154,0x595d26531b70844f71826bdba71ae7e7710fde27,0x8b9e158d177af1a109fca7170cdf218fdf9e438c,false,8800619,
78e4a8df64449137-79,0xab56e186c1469f9de03051b1f73f4c7d7594b613,0xa4a0ec379f72fa5e1c7d7df29a40d74e4346f398,false,7709254,
172b0d03ad8fe336-66,0x3c1cc48446b69d657db2192f246e2f5ca84e44dd,0xb16f7396d623c18d4570f6f3483c17e5d7043f68,false,7786595,
9fcc9c5afc0cf336-169,0x4282890ff9661a51ea367aeddf341c6f6395d4e1,0x41214393a16d210258253011bdd2232e6d847774,false,8076283,
2d10d522558ec4d3-42,0xf5913843d34c0081f05a46417f19ef4d7475ab03,0xdbba65971935ae3bf4ef66ab5758c52c45104e87,true,9966776,
f25b892b17b71f57-32,0xd6806d757b1d2f700a299ecd6ef6e011f677d592,0xd6806d757b1d2f700a299ecd6ef6e011f677d592,false,8950446,
97c858db5bd339ff-89,0x5bf3c1ec3aca6c9ebb8229262d0a724604792253,0xd818bf36b2751b09efda09e4a4a16dd132612fc1,false,10946192,
ae24177b84c7765b-94,0x81fb0aa0ceeeba4ccafd0e67861de0b3174b0f5b,0xac51f7d223333cabea31f3809de023d447a92057,false,7795704,
7c230378530455a6-68,0x8b272d1b710abbb5cc201979574a6a6ee4cdc62d,0x3dc389e0a69d6364a66ab64ebd51234da9569284,false,7765632,
07381b91c35746a8-148,0x07f58c9792bc03443d7b96ed314800a911a11680,0xf652979abd67781fe3f6df57d3b2abcd9f7519cc,false,8815221,
88dd058e557e71f9-76,0xe4e1eebf4e3bbeaae2c73dc10108ff02aa9854ca,0xe4e1eebf4e3bbeaae2c73dc10108ff02aa9854ca,false,10023974,
5d2e6926b0ca4902-238,0xbac241e35c68f1d73562792c2ae3f6de99bf584c,0xbac241e35c68f1d73562792c2ae3f6de99bf584c,false,9447357,
1df1e6776736bde7-112,0x0bd9f5ff1d2c35bef94d7bed48d4fdeb9c261c97,0x0048d6225d1f3ea4385627efdc5b4709cab4a21c,false,9043133,
d8fd038f4f6f6f32-79,0xd8cf31951c8aa768b68ca1e2bff973b2a8b0a183,0xd8cf31951c8aa768b68ca1e2bff973b2a8b0a183,false,9480449,
add93b6b84400581-64,0x823b92d6a4b2aed4b15675c7917c9f922ea8adad,0x823b92d6a4b2aed4b15675c7917c9f922ea8adad,false,8959671,
b35371999670993c-212,0x551364cdac6f135f4e8d8befac61bc8f998a70dc,0x551364cdac6f135f4e8d8befac61bc8f998a70dc,false,10675307,
d7284cfe127b6f1c-163,0x703705aa9d4fde9f772bd89d49a6bfd6a9d95b3b,0x5f3371793285920351344a1eaaaa48d45e600652,false,8212613,
d690f3cd323a754f-76,0xc9e7a40b20e2b10b3619109a74e9e6ef17c31299,0x95b090d374c9e7c323990497157ed8f78ca9787c,false,7773333,
23afd3512c3e57da-33,0xe7e63ffcd071abfd0bb8897bed028696ca2a3dd4,0xe7e63ffcd071abfd0bb8897bed028696ca2a3dd4,false,7838410,
6d0abd5b02cb5af1-57,0x1dc29767be34a8bec7e2df39d821e72a33467cba,0x1dc29767be34a8bec7e2df39d821e72a33467cba,false,8125485,
82c4669fcfb6c54c-58,0x3994a6e7dee8bd43e8b36969c120f6d85b51b3d5,0x72a8bf79710c3e6c5ee861e45c0fd55a886b0aad,false,7786539,
6849dd41507d01d5-5,0x74e60d06f3ef2adfcf70468b1f8832e421140eaa,0x9040bbae1fde466228b5551f5a0524630f4579ff,false,8060484,
0947559f62757df8-40,0x54c375c481f95ba43e2cecd6ef30631f55518f57,0x54c375c481f95ba43e2cecd6ef30631f55518f57,false,9805784,
d06ee3d207b3d500-77,0x06a80dbb06b3abc849f3b87743e05a1d200eb63b,0x06a80dbb06b3abc849f3b87743e05a1d200eb63b,false,9526877,
22cf36fc9bb52216-82,0x43f01cbbe8c41c94493ed20f16f9d6f2c178f16f,0xde803b28ca5c2c1f6cf2102fe0c2549f6fda9882,false,8913421,
54da516f10e6228d-93,0x66a6684edc043c17c4ff07fac81b04599e469706,0x983f14fb20991589de9bdc48d6990ddb8e41d918,false,10098760,
25986465dc011b3c-72,0x31905bf644f80f78ca09f74c1ecc81e23e5c99fd,0xed7ebcd87b1c5ebe06842625a75329d661754b38,false,9508970,
5e44f1ce0d4fd2f3-93,0xe6a608633dbd4b1177a0613c832e3611d3ddeba8,0x273bf243219d31c4096c00e156c1d8a8ff9731d9,false,9372182,
50cf1d40e4424d48-25,0xbdb1be928730dc4dedef5fa4a4b874fc6124f979,0x46a968f38f2ef98eb51cc8c8a2c641fd47042964,false,8940251,
73b8969c9000d719-7,0xb1cf271dc69f77e5a31bb809ea6c0c94f42b62c2,0xb1cf271dc69f77e5a31bb809ea6c0c94f42b62c2,false,8938576,
e67aec6271e03ebd-171,0x690fbfaf03980193bfccba9645752b1e61a11828,0x690fbfaf03980193bfccba9645752b1e61a11828,false,10369869,
d5bd3a456c591b9b-101,0x4996de5a4e624fce5a718b2a2547901fb050c2b4,0x4996de5a4e624fce5a718b2a2547901fb050c2b4,false,8045288,
d6e18cca511c40ae-110,0xd4819046343ab1d51cfd2855ed564d192635ec52,0xde170586d15ef8abe2754c64682c044662c2243f,false,9441457,
48e5be8283b928d2-66,0x22aadfdcc28c567a452c08c1fb708cc5af15e389,0x22aadfdcc28c567a452c08c1fb708cc5af15e389,false,9685155,
3f5295cca258bf1b-47,0xdcfbbb93d840be4a1819df0e8594e16e11da7529,0x2920620b47d51170319a531a2d6d5810610e8c2a,false,9820705,
1ea4045409125b73-65,0x576e5861db0d1ba3ce2660104dcfbb4365441483,0x576e5861db0d1ba3ce2660104dcfbb4365441483,false,10276781,
e8c26640567c5a15-74,0x1cb09395d6be2b02d363eacd818d2a74e92a1e0d,0xbb892f3975b96fd88bbbf79b541acfea325f18c5,false,7899604,
ca48e88e04a9be57-92,0x1e4007dd6570c4e97641804413a7852700fbf0cf,0x385e898064c0a132cb79af9a11e3e357e5d67be7,true,9967668,
f7fead13c1b35ef8-5,0x15cfffe4937319370be33ad08942840d3b863181,0xadab30c23d34469d2b6f7d8f13a92e52d65d72ae,false,7714070,
1e0fb2d9c59bb59b-35,0x5cfa6254dc991ca0efaafc84ce92d960e6d4b911,0xacf4c2950107ef9b1c37faa1f9a866c8f0da88b9,false,8358683,
c92758eaf3b8eb29-28,0x6ce1e666b5e943a526148f88d3da2783a670cee0,0x6ce1e666b5e943a526148f88d3da2783a670cee0,false,7828977,
81c6610342bf36aa-119,0x2abdf472c0c170f9a18c5cd4f812c292c945883b,0x5ec119be6073a0688febd1ba4daf38a05d2aa049,false,8480940,
7c2c7578fea4952d-16,0xf5913843d34c0081f05a46417f19ef4d7475ab03,0x1be2842349317f5b5f285819090fa05c0006e26e,true,9954550,
8de909e93174c090-52,0xe2a82cdccbfa6ebf9817b0c4aed45264bd41fbec,0x6c65fb326e7734ba5508b5d043718288b43b9ed9,false,8350589,
d90a811915efd741-81,0xf2ba322c432be32ed6e63302670d22901bdb57e2,0x9a90bd8d1149a88b42a99cf62215ad955d6f498a,false,7714553,
950ca7acdbed8217-79,0xfb59628a3ececfb9fefd7175007b6aefc6b0c53b,0xfb59628a3ececfb9fefd7175007b6aefc6b0c53b,false,9878431,
ca0dcd3a2fa24993-29,0xa0f1512df2fae05e9a5cf7b4fe2de266c83be5d4,0xa0f1512df2fae05e9a5cf7b4fe2de266c83be5d4,false,8299161,
e0974394c91c0321-36,0x6562b80bc0d51f408ef8bfaee389f43cfa20cbd5,0xce6d95c1684d9758b3e29a215fcc6a0442d8366d,false,8888937,
f897997011ae7f78-181,0x74aedb116b2308b012b9a13dfe2b6c6361c909f8,0x74aedb116b2308b012b9a13dfe2b6c6361c909f8,false,10098158,
b4b375ead991ca12-71,0x9109962657ce78bf973a0b63d04621b9051b4f4c,0x9109962657ce78bf973a0b63d04621b9051b4f4c,false,9727336,
ef82191f4aff7220-102,0x4885a8f4d1bd38c0d70d770ab5e0bc3147899050,0x4885a8f4d1bd38c0d70d770ab5e0bc3147899050,false,9529807,
550a0dc6da07099e-41,0x2829b874358a6a4e79c73cf1a3369f104bb71ac6,0x2829b874358a6a4e79c73cf1a3369f104bb71ac6,false,8339398,
6f408c5375a6462d-89,0x201a68eae7446d844dff959df10415537133c49e,0xdf5aed8758e3e9361d029ab3c79614ee2058ee1b,false,7785424,
8176b8e7b45cfb18-45,0x48c2140d5d4e39f74e8746c405fdb73f63573c8d,0xf62d25e7eb8bf668688f824e1375442a2c842a6a,false,7795727,
a91465f183e18539-150,0xae0b312ef4d18723ac655e8c190249251bb3ef1e,0xae0b312ef4d18723ac655e8c190249251bb3ef1e,false,8916797,
967d80250846a4b7-9,0xc368adcab27e1ab203e150cb238cda5092b22480,0x0951837c02292d7645c6e37a5d0cca561c5ec475,false,8937983,
db6898d817df9d4a-110,0x79274109eba20e2008e668ab94ca98a0c4b18d0b,0x79274109eba20e2008e668ab94ca98a0c4b18d0b,false,8941004,
46afd07f9c3dd3cf-46,0x01e1e61c60efba9c630df33100d26071d064babc,0x01e1e61c60efba9c630df33100d26071d064babc,false,7708509,
d8cc3a30d22035d7-60,0xd12f2e0e655783093f4022f38e5537424664c39c,0xd12f2e0e655783093f4022f38e5537424664c39c,false,9683708,
b87d1e91fe39b13a-33,0x75e227673f8924f2b24c53ab5005cd9077b77979,0x9aac97b1d550f0e9cbb46a27ca8f2f04e30116ee,false,7895596,
0af9177c0cdb0cf2-48,0xdbbbdc3759b8606020d19d6b3fe88f1f98c0da7e,0xdbbbdc3759b8606020d19d6b3fe88f1f98c0da7e,false,9902656,
c0820cf446f734a1-80,0x0ed9a9bc26afaf77d0679036e8772b94e7e9489e,0x0bf1d3aa613a19ced3ab33b7d62e84dc1e76877a,false,10301497,
f87367e2121faf62-89,0x755e876a6d080912cddf1ad84feba0755937bef5,0x755e876a6d080912cddf1ad84feba0755937bef5,false,8761861,
daf93903349f0986-42,0x66a6684edc043c17c4ff07fac81b04599e469706,0x66a6684edc043c17c4ff07fac81b04599e469706,false,9972512,
cc8a5a0d28d32698-57,0x12d3078f6e97deadd5dfad6605c973e0b634fe2c,0x9d557cca18cd3c69abf93e01fd7883d1ddb8bd29,false,7801962,
8716c7440bd8ce6b-170,0xba22423b526d0a112fd7fa109ac4c9d131a682ac,0xba22423b526d0a112fd7fa109ac4c9d131a682ac,false,8803394,
ffc6bcc3c7efbf23-78,0xf344112e0814c982e381f161308163eec4014331,0xb9862b62b16744fc4faa3b7862dabada33293425,false,9769420,
0a237fece6a2cf14-13,0x3b2107cffbb95c8f11c03633a2984075e6eaca1e,0xe7efc9475e930a3a488cc1325817793d78692dfc,false,8030311,
9e82171358742919-65,0xbf49b454818783d12bf4f3375ff17c59015e66cb,0xbf49b454818783d12bf4f3375ff17c59015e66cb,false,8328256,
2f842c3da64463cc-48,0xfd10abc3506d8a1112935bf7d13a2e39ca7cadbb,0xa7c19c3f7e5ea75dc8b0b8493daaf8b50307f49f,false,8926996,
62b6c1b3ff3c9abe-60,0x539551e8ed42f7912b9dab01b622aafc4318b30a,0x0706450432a29791ddd73e61396cba3085c03425,false,9795694,
4506952583e33b8e-48,0xf2ba322c432be32ed6e63302670d22901bdb57e2,0x9a90bd8d1149a88b42a99cf62215ad955d6f498a,false,7713727,
9c02fb1707cd3400-71,0xaf48e55dcec950c025d47243a8bafce2fc915be5,0xf244e81c8ff170d80d70c66c82325a90f6b4f42e,false,8414342,
afa1b9f3419fefd5-34,0xf04a8516677b40dfb33a21b9e8408eae99b4c282,0xf04a8516677b40dfb33a21b9e8408eae99b4c282,false,7728837,
54052ac9844dfbe0-24,0x976d34936f9adb2712a1f0325984e18ca6a020c4,0xd1276cadb51b62e27cbfaf45d18a0c1d1bbe58e4,false,8939297,
bc2bd9fabf862041-54,0xc136924d55ce23ef7f6fc619c6a6d3ec546898c7,0xc209cc607c81ca7d8c0bfca7bfd6144c74a7e238,false,8356186,
20963c585c4eb982-103,0x28143659f4500411d9e49513b88e66cdf81f9002,0x28143659f4500411d9e49513b88e66cdf81f9002,false,9832641,
d6d4783d49287d2c-104,0x024971f4326dea40bc3817d66c98b85ce9f26da0,0xde3669ac6ff1e45a4be3d669f0c18750c959c28d,false,7739437,
37520c5e10ca8dac-25,0x5fade194f53e40a4088a8d8f28cccf45795467ab,0xe3e2eebe23a214dec6e531a8568f0572128b57e3,false,7831413,
13bdbabb3d7c8c9f-65,0x3617e7e5f5fbf18ce45ad40a2e7ee7ac1405daeb,0x6a3000945173ad8905c70fda700ebbe1c41eab40,false,7850120,
311585dbeec6b1a1-58,0x9ec7498e4dd18189e4836c9711c87963f0e629c0,0x9ec7498e4dd18189e4836c9711c87963f0e629c0,false,8338290,
8d6cc95c0300d1c8-122,0x7f54efdf424e1ed878561fc2be94dfcc0a95a687,0x6576317121b161f71d109defdff0a3212cff0371,false,8205739,
b4f79be355609e78-56,0x5459d48e5fca0226b9ad025d1d0ff0f7b76a3d7e,0x00b548a70abb9d1006cc51871df7634389fadb43,false,7772012,
7b7d63b56a156da0-52,0xb9d64860f0064dbfb9b64065238dda80d36fca17,0x82372f3913952c64653d202a6aac62aadb1b6c8f,true,11053986,
6e305684d8fa9cff-25,0x7b8f03c4178e0e0cba208e62e563fffa295c7cad,0x7b8f03c4178e0e0cba208e62e563fffa295c7cad,false,8358453,
be01aca7e0d98951-125,0x7092020d4c6c26f6e06ee1e8cb5b34f9d14341c7,0x883b94bbd31902c79ab2c2daf89d439c94232319,false,7853547,
eb1db31b0c8428da-24,0x5546a073d01efe0ade52e57419a40f72585f51e5,0x0283736f849caebf2e4aab0e0efc413aaa1bb964,false,8207154,
19f144f1234650dc-115,0x2abdf472c0c170f9a18c5cd4f812c292c945883b,0x5ec119be6073a0688febd1ba4daf38a05d2aa049,false,8914693,
0fb4a754b22f6b3d-131,0xcf1382297a43d76e8067d1f8f27dba1529e1b8fd,0x666e4f653b2f7687f69e2fdb695dac09d1753d99,false,9728745,
86038b70124a611c-117,0x84af69b785f244dc65b2d34dee19c76ec2d519ac,0xef91ecd0142ae4c5163b2cf060c0563d49188c82,false,7880848,
c60ac4956d53f727-13,0x9a69f87f730a7c081764ecef371f6d7aa94cd3e0,0x9a69f87f730a7c081764ecef371f6d7aa94cd3e0,false,9814197,
ba5901f2cb445926-77,0x7345c51439d1c84949f56a6ad0ecdf3f3f1d2be2,0xb3130374575ea9e2c6f2c67e0e77c2e08dc12e79,false,7801727,
ed9f759033586e85-99,0x7092020d4c6c26f6e06ee1e8cb5b34f9d14341c7,0x883b94bbd31902c79ab2c2daf89d439c94232319,false,7853174,
370fb57472c4a314-55,0xea6316a4d76f803359761e56168456252bb1be0c,0xea6316a4d76f803359761e56168456252bb1be0c,false,8984699,
1e80cb0d4f19947c-30,0x5ca8179510ea0c46327252dbf06110a63d4e8f35,0x5ca8179510ea0c46327252dbf06110a63d4e8f35,false,8118182,
1088a080049776c4-4,0xd7925984736824b4aecf8301c9aee211cd976494,0xb36d37110417c0ca0b79b5d262868cc9444f7550,false,8639563,
dfa936794b41bb94-10,0x57db5d6aa783cf29af41330569d24957140fd3eb,0x57db5d6aa783cf29af41330569d24957140fd3eb,false,9734743,
cad9cb13f9bde24b-93,0x7233986109536fe7d142d7845833513e77126228,0x899bb2dd3e0270740bd6a879528c66d76fe676a4,false,8909582,
1943063165ed0a7d-94,0x5131bf40e9668c7d096d8b5f6cc4d65a603b2a3c,0xb6ca56312079292eca531ccc78ca6e9c8a4371ea,false,8337449,
abb24712ce4760f7-76,0x4f49a69f21c0beb615a485344cbf92974a79089b,0xbf6b5673441ff123d2bd37f1a16a21133730da63,false,8609246,
a513d7b8a16a307b-32,0xad6a9c30a73705d218af12d71e0e885ff2da4094,0xad6a9c30a73705d218af12d71e0e885ff2da4094,false,9528239,
9e5cbe0b0fcc459e-1570,0x149699f3916484ebdf0d61101642268946684c5b,0xed7f4bb6f52033535f555923e906ae64b155d9ef,false,8953090,
76f3487ce8d91c4a-36,0x6e0d41232da164ad7a91d4ae5d4277a42e1e3fc2,0x6e0d41232da164ad7a91d4ae5d4277a42e1e3fc2,false,8882343,
5919267d162d4b63-16,0x1c9e724ec53d7510e250b94daa9accf5f3d1fd39,0xf62cb35997d28bd5178a45e100c76b583611717a,false,8957920,
2ac51383f0f8a376-36,0xa3d1d77a02ac5e5c1015d2e105b926a2355021a8,0x909f5c87b514fedf906de9236df48b65236454c4,false,8890870,
13441adbfd9cbfbc-9,0x15cfffe4937319370be33ad08942840d3b863181,0xadab30c23d34469d2b6f7d8f13a92e52d65d72ae,false,7708938,
23179c350cd3b183-29,0xf2ba322c432be32ed6e63302670d22901bdb57e2,0x9a90bd8d1149a88b42a99cf62215ad955d6f498a,false,7713862,
5409d0981141fa32-130,0x8dd0dc203090591183b7b26203a911e6a220b3bd,0x1f29a733cc3827765797e111c7ce7cf870f9ad03,true,10185431,
e5f524ff21cd47ff-26,0x918558df5a12ba43657222bbcf1a735494a5024f,0xd1015efa96441d2326f8194e7b1f5fe8425b84f8,false,9348245,
d6f4e92195841084-170,0xa44d3bbdd1ffeff9471b250fae74b29c1659f226,0xfefa7083a9b64f8104b08e24d304dc25175216d5,false,10306797,
3d955c23c747a1c0-110,0x5bf3c1ec3aca6c9ebb8229262d0a724604792253,0xd818bf36b2751b09efda09e4a4a16dd132612fc1,false,10941804,
1e8f13eb561568d9-103,0x48dafd479abe7af28b959447d1e6276f6810b176,0x48dafd479abe7af28b959447d1e6276f6810b176,false,9792818,
18bbd3ead3e3492e-6,0x2c8183ed889bdda8273b7509c8ea84439912b704,0xa66a7e1a1242d8b0a1a4b4c09e883e5b5b5487b1,false,8151803,
78d3403e461a8fc4-95,0x62cf5116b279a781027be20e3f7c7edbd336e386,0x5df7f1fd0f379fbe5072cef163a578fed1d89f8f,false,9988823,
ced50c2709a068c3-114,0xe6a608633dbd4b1177a0613c832e3611d3ddeba8,0xfc2ec6a21004b9f79ff1ac69e352ec512be6a5aa,false,8885431,
799658a4538017c3-121,0xf2ba322c432be32ed6e63302670d22901bdb57e2,0x9a90bd8d1149a88b42a99cf62215ad955d6f498a,false,7714402,
89aa26a900ac33bd-34,0x2f623ff8692976a7520bfb4c6bdbed09b0c9d4ca,0xdcc25317980744fb683c5027a1f740e1904d0422,false,7863455,
8bc5b88d714c92ca-81,0xd219456e280c1fb08cf5b1597ce3f8a1f964f1f8,0x9e64b47bbdb9c1f7b599f11987b84c416c0c4110,false,8350420,
5394e53f06c06e07-21,0xba0c565110f65d181b9ff1d8a9f787b52857bb0c,0xba0c565110f65d181b9ff1d8a9f787b52857bb0c,false,8358168,
a62f7fc13eb5abe2-39,0x62cf5116b279a781027be20e3f7c7edbd336e386,0x5df7f1fd0f379fbe5072cef163a578fed1d89f8f,false,9988842,
c2614e478667b42e-113,0xc9e7a40b20e2b10b3619109a74e9e6ef17c31299,0x95b090d374c9e7c323990497157ed8f78ca9787c,false,7824043,
1a2fd6b6af133e84-84,0x9a14bf37fb02f2a32649ca718e09b353809e6b9f,0x96c7163acac46c6d14b41b5ce141e628ec4c1760,false,8369653,
3d21e0678dc82cf7-93,0x11eff50cc44ae1b49b37edda8d3fd54092ccb8c8,0x11eff50cc44ae1b49b37edda8d3fd54092ccb8c8,false,8979193,
e6e469f757bce7d2-64,0x4ec3b1e01e163c851ecf0ea692aebac29ad229a9,0xfe191897ee42d56c6b0c85c7b489c1b1cb28c1e0,false,7764618,
845d967608c04539-66,0x3ec65239ba58876fd6d4311a70c5cf686e5e128f,0xb60464390b4f5ef39d389bc079514286e6dfb831,false,9080111,
37b782ddb9f5563b-67,0x2f2f80b5dfc6461e18570d0280718b7a66df9348,0x8577b84527ced5d2d9f299dc6027a9e049c17d6c,false,7755084,
f3fca2bf34631f0f-136,0x49543e53d159dd5c9d5e232556cfc2781a2d5044,0x49543e53d159dd5c9d5e232556cfc2781a2d5044,false,8939392,
d064e57018e30b65-46,0xdd2d3f7fa524e59157e98d38271275fbeeb56317,0x22b74830815c97a4b39b45db4556c4a7bb9b99b6,false,10232885,
816e1b8951d41840-68,0x3331d0eb92529d3bb915d5885c446d501c4c969e,0x00231e57789bef860afcfb723a37306cb588657b,false,8947614,
c434e83c92b3e7d0-100,0x8b0841a9d098345bff8f5162a22553113028999a,0x61d2f3a50b8388e1b5ab1cdddbb091331a66b89d,true,10064145,
dd9e40d4c2d5ae49-174,0xd2eeff73117c86c14f11a6052620848f8dd6e0c8,0xd2eeff73117c86c14f11a6052620848f8dd6e0c8,false,9234468,
