0x00399db67d55ec5eaf9f2ae89e6de35a7d40471e,0.04
0x0048d6225d1f3ea4385627efdc5b4709cab4a21c,0
0x0056d1fd2ca3c0f3a7b6ed6cdd1f1f104b4bf9a9,0
0x0079bf6868cb1b7cf4a451311fd70c348f3ed38b,0
0x009d06cc6b11fa75412c3cda6da63813bbbdafaf,0.011384474411631743
0x00bd1fb6921f5dcb3fa87cdb65fc844b3d11b5dd,0
0x00d61314b225134832abdf59b8634f301c532f99,0
0x0154d25120ed20a516fe43991702e7463c5a6f6e,0
0x0198b91cace1f6ca50efeb76a219cfbad4b0defd,0
0x01c50b9e98ee4ec7e141fa23af8c8ceb1b0e12ea,0
0x01c623b3d66b8d28d2b6d1fc41e3c2835f1acd86,0
0x01e086773e4f00f25c04e6f0b8607274ba27bd94,0.01
0x01e6fd0ae73d9194b19f9b376065577927a0d5f5,0
0x0241d439e3f33599677f416f42a4727fd259726f,0.01
0x026d046b4de1b927e6366cf0659165095fd90a96,0
0x028ced475400006c4033d84ee6eb7dc9182d8855,0
0x02fa5c3f18dcb369074ae532206366c701865fb0,0
0x0312950d6938c5c6183b130f17caacaadb86097c,0
0x045b3a3f885915b82beaf4f57fcccf7980ce724e,0
0x0489076a0d17394835af93cd62acff703b6814a9,0
0x04ada96a5c5a1fdf7e315f14aeb2ce9eb61efb5e,0.000000394235507956
0x05b5a4a8664025a72b1454c87776e0e03bdd8dfe,0.000000000000001
0x05e793ce0c6027323ac150f6d45c2344d28b6019,0
0x064bbdd6c5274080f760616d2df31f3d32626fc9,0
0x06d57af6792edf066046aaf958d92ae5558e0e56,0
0x06f27077a1bec2387c89d82427b4dccfa1629d65,0
0x06f8f66648cac8bd39e9cce036094ef4dd1b504b,0
0x078d3293662d34341bb39daa7fdbe7a3170f6b81,0
0x07e06ee836cf67bece47f332e7f5060acc678bcd,0
0x07f54dec697833cbcf60ecd0c592f04eb4c8aa1c,0
0x0816755f393998bffca83f4d33ce7220c45e2dea,0.01
0x08444dd50ec6a9022a3ca202abb3e286922c7aa1,0
0x08e417a21e35d166cf02aa215789164fcabf71b9,0
0x08fb8805166bb9f009ec4c4ec837bcc6a084424c,0
0x09bf09fc7cf6ded1ff1c4e40380d5c8766de62b3,0
0x09d390e78faa3eca8c6e3c0bb3c6cbcaf679a44c,0
0x0ae72609b7b6269bb1a289761120d490150b04a3,0
0x0b266c7b90a3f98160d71e75088a082bacc65be9,0
0x0b4ae5e86cc276934388b148a30b92f62d8e79ee,0.01
0x0bd438198559d6d90cf1cf1e5d6c015836d03d16,0
0x0bd9f5ff1d2c35bef94d7bed48d4fdeb9c261c97,0
0x0c5a2c72c009252f0e7312f5a1ab87de02be6fbe,0
0x0c68ee82a690509fb9cdeddc51d41a4ede71cc76,0.01
0x0cac772568b899104677b4fa2b27ec4056548f02,1
0x0d5926184e886db1a736d88f0fb257be3f99ebd5,0
0x0d5ef5088ffdedb05cfa80ea1b4f5992a3b7b4af,0.0428
0x0eb22a777ee381ddb6edce6f410b84b6a20e87f1,0
0x107302c63de50f47c9f5ce0c9b42beb58cf03cc0,0
0x10b26700b0a2d3f5ef12fa250aba818ee3b43bf4,1
0x11577a8a5baf1e25b9a2d89f39670f447d75c3cd,0
0x121667b6690f5040c672c3df912a5aaf8735ca23,0
0x12b9bfd3c6cb6293a18335377adc220d9f4e70f1,0
0x131129ac72708bca794814bf49dbce9bb10b38e3,0
0x131bdccea95a29d8ca04347c87d1a6a5e099ee81,0
0x134d7706f8f542f611a785cf30c693df302f4f24,0
0x138dd537d56f2f2761a6fc0a2a0ace67d55480fe,0
0x1404c00e08739bd020fdcc20de541edd1869c244,0
0x14341fd508a22840f1306abbd114586cda44e6ff,0
0x14db9e882efc691ebe5dd28e53653dad71a71d61,0
0x152ac2bc1821c5c9eca56d1f35d8b0d8b61187f5,0.0183
0x15cfffe4937319370be33ad08942840d3b863181,0
0x16ad3f1c89ae9042f61e2437fb81736f5d3a60c4,0
0x172b0479801d9b73d2dcf0d7c613c616ec9b2c1e,0
0x17dd3fd5b19b232f28fe7104df8f6bce12fdd23a,0.0563
0x17e33637f6b64e9082ea499481b6e6ebae7eea23,0
0x17f780e07e5525c20bf5f22b6c650052fa8605ab,0
0x18393570148df516f664ef624d6ed9e808f109fb,0
0x188c30e9a6527f5f0c3f7fe59b72ac7253c62f28,0
0x193c3e976f7a5bc5eb4be9d50db57562b8f17311,0
0x19dfe9eff80f5e1c4f3eb3ef521477c1ad9b8a75,0
0x1a50a6238eb67285ccd4df17f75cce430baae2a4,0
0x1a653e69fd7a4fbbff359026dd3aa1de1d5eee65,0.1
0x1a78a8cd7498535745dd9730f8029189815bc157,0.0146
0x1b393f10c9584854b2f09bb3b84da825cfcf5b9f,0.01
0x1c11ba15939e1c16ec7ca1678df6160ea2063bc5,0
0x1c3d883c9226d354df1c9bebcae51d06e140a27e,0
0x1cc0a2013a712aa1a9dcc0042bfdf1b7e7df9061,0
0x1d31a643a886abcf4337181fd47cda769406abc0,0
0x1d76a09597ad1578e8407e459318162a312c8061,0
0x1de2d266f4fae95b4c4abe8c94cf1c521d838988,0
0x1e0e51d6db814086a06a40cc946a5310146a8202,0
0x1eb697484d83c3ccd14ba07c56fed4c9e0d2a5c5,0
0x1ebb814c9ef016e6012be299ed834f1ddced1529,0
0x1ee005f377e2f9c7c15bb4cf1b7e742f74c0cf4b,0.0003
0x1f33af426ce267924be827b16a3f5e4afcb89a63,0.0001
0x1f3a6490f6d69fb50f56b41594413ab251135a46,0
0x1f843dc6481b07bccd8c6ca3156be31a1603570d,0.0704
0x2056dd79cc32919fb1a2af0b037b05603a5b2517,0
0x20d84ee2ecfbd23554760d2970156e5203cd7b8b,0
0x2113f5733aa77cf92dcafeb82c19984d6c2d07d3,0
0x215a0a9948af67b867dcaef173dc1dfee64d18ea,0.01
0x227e0bdafa34fd631cecb83e2e06f403dd25fdbe,0.0209
0x22d1e6481c39622204d184b7eaef427796da9886,0
0x236d4acd94901c3a3668709937f2d760f21dc7dd,0.0322
0x23a49a9930f5b562c6b1096c3e6b5bec133e8b2e,0
0x23b751619db49b60c987f5f659ced283a411441e,0
0x23be060093db74f38b1a3daf57afdc1a23db0077,0
0x23d4c08abbac483577d03397b0003cc22a481354,0
0x24339ce06cc2f30547660ce8564431a309eb975e,0
0x24394a4758dbdcf6fcbc14dc35af64ac0d9a450a,0
0x24a7eaad0d7f13d1999206d8c22f926980a12ca6,0
0x24d0db7e182fcd29ddea14c04bcb182c89cbb0c0,0
0x2533321a436578c60a176bd7cb0f9b2590a98ea1,0
0x25498d2a0777ededd6eb180758da6d367d0e46d3,0
0x25b8d78a638b43f88cd9b6e97056fd309ecb9353,0.01
0x25d3bd5b6eb2727acf10acbe2f05413412be0873,0.000000980575822677
0x26732399f47e00739d2b4b0451acc3f93f7e3a14,0
0x269bd1c2fc5a1476feda36511ddfb4f60a11917c,0
0x28143659f4500411d9e49513b88e66cdf81f9002,0
0x28661e22abd1995f79e915c0cb99b864fcab2e59,0
0x28ff432130251336a79fe04f6b2b48d5313bcbcf,0.0014
0x2922b3fbb1689448ac50cc273e83e83ed0d0625b,0
0x293f47ae790098556582e4151a0e0f01158d1ba8,0
0x29954294cdc9bf89f54737f6298bc1d4f85eb5b7,0
0x29e7d0c82f885b0412cdc8d431e805e26c80c3c3,0
0x2a1049062c6cfd69bd38fbaf3b0559df1dbbc92c,0
0x2a456dad9bb5929793686b5e3fa990c4347575ca,0
0x2a50a15341a2d2d2a77c80260cc178b46666862f,0.01
0x2abdf472c0c170f9a18c5cd4f812c292c945883b,0.1
0x2b2eed49b88eb13131f6eae7eb951d7e2be0a51c,0
0x2b32c3ecaf47ed3ad459565c472182f56414c9b2,0
0x2bc2ca2a7b3e6edef35223a211ac3b0b9b8d4346,0
0x2d12683a6a9b91472ebefa3827af60f553958b89,0
0x2df0b6b5a705806dd6296d5372f5947a4abd5f86,1
0x2e2dc7dd191f8aa6994368b3482a4ff9791ae2b4,0
0x2e31e74f28d1243ff93a2b520c629243cfa323c6,0
0x2e7212016ba40a1ee366f3a54c5ad6b4916eae74,0
0x2e96ed2281c3069c6abeae5d9560f30f716d44b5,0
0x2f1293cef86c5b688a0b3de1f7f440b3cfd8dda8,0.2
0x30887fc55cbfad3487cb55bfe1779f6d2ba1c118,0
0x308be429641aab24175b2bafbc519350e2d4183d,0
0x30980b05dbded72de44d1173bdcf00373200e1b9,0
0x30eb4c1a534351662c1ae273b8986862b60fa079,0
0x3111327edd38890c3fe564afd96b4c73e8101747,0
0x315be4e2000f30cbb9a3eadb6ae77d031caff31f,0
0x31b507148739dc91aff9c7578030edd936f751e5,0
0x31fce7fd6931f7b5a6a756a219496f1eb0fdc54e,0
0x3206d306cd05426e20fd57f6c78285b0882e0481,0
0x32d987eb61e82400f4a61297741f85f0bd72550a,0
0x32d9ef9fecbe8298f5a7a880b522eb6e5562564b,0
0x33280be1d5a5d7ea7610fab7e6c95261f6bdffc1,0.01
0x3434650a49de4155056975dc8d5a6e4692ec26d6,0
0x34a515a7ec5e8794f7a4f91facdb575f69cc59bd,0
0x34e15635a4de3d82da31a4baeb7b9d465017dc63,0
0x34e2ff2acdf2d50d8710c413e2899ee6591b5899,0
0x3556324ed71ec546908794d018f5902b97bea035,0.01
0x3556d1e1d639ec7d8aec2354e6f8c01d407a7041,0
0x3597fe67ddea7da1418b5b0cf82f3346f8ae8f03,0
0x35f1e1f4d8714ffc9557f882035b7fab730d99d6,0
0x35ffc49e7fefc188dff81db3c717db098294bc23,0
0x3617e7e5f5fbf18ce45ad40a2e7ee7ac1405daeb,0
0x367c41c0b071ffdb382bd687a557850cce4b12de,0
0x36d8fa50c255f6d42ad8bb816a7cc0b66e5f718b,0
0x36d96d1552960ddb9a0cf7d915058e4a0c112577,0
0x372cc010c6677434739398463c6bc11e995ebf26,0
0x37d412f06521bde354b1fd1d8d41dd9a05dda7ae,0.1
0x381758cbe8e8dc8376f0027a28e6e447208b4450,0
0x3838433f63f4d4a24260f2485aacf5894ba7bc93,0
0x384e2e578acbe955d9e25d0e3c74284cf1903a37,0.01
0x38c5088a7e127529987c7f694fc980c6c36ea024,0
0x3923cde4303ad8aed18e2b8fcf1909718fc6b480,0
0x39a89eddb7a0a2c04b2d912dda55c5843e02a3b6,0
0x39be2cd052d15e3707723335b95338649897a0dd,0
0x3a4dd62195f4dcc3d3c2517f2bc699594fe2cbb9,0
0x3b2cbbe6b4656548e995b26df0954d31c081e0e5,1.000000162870332528
0x3bc7404a834297dceb2cf3d7ff899194e76ccae9,0
0x3c1265988e7bb9c3215677b740d88930c4d65ace,0
0x3c7cbfa88c392ef19ec4d38f5d436c4183577522,0
0x3d534d4f6099b94846b905068bc1d420258065e8,0.0029
0x3d8846ea345a06938d3e1fda2c59a98d750c1582,0
0x3e0cf03f718520f30300266dcf4db50ba12d3331,0
0x3ec65239ba58876fd6d4311a70c5cf686e5e128f,0
0x3f603a18bed7cc5ceefdc83ff1ce0cf5b3764e2e,0
0x3f8165c2d0bc5c43959307c21c80895b2450ea53,0.01
0x3fe9b3a4180c2e8c876f050be94c92632392263d,0
0x4014a54b8bbf39b6954ef2969aac36d4cd86da86,0
0x406291c675b4187951d01f2f120fca99f03baf76,0
0x40941f5619974c639fe13fe977fd92805fc10ec3,0
0x40e652fe0ec7329dc80282a6db8f03253046efde,0
0x414354db069cea6fa536c3d2ea1bbf5730b7715c,0
0x41527cc7cc6e63d9d0753d6fdbd4ac16096a029d,0
0x41ff527665a0d3d2721d0e42764cef3ec93a0149,0
0x422a2280189863fc2f50d1dc0087a98b4b96609c,0
0x4246719224a582c307dcb84cbd7f41ceadb9a36d,0
0x42da91be491e4101f348b9a746183dad9a6f92a2,0
0x43c1137d0763fff75b6c70d90e43dc18da68cc08,0
0x4448d43d315813cf63403ac50b4f6f7ec7207962,0
0x445c55b9a5338c45eea6f4cc9c1840883729a878,0
0x44bdb19db1cd29d546597af7dc0549e7f6f9e480,0
0x4536022aac5aa376356c5fe25971ed2f5558fac4,0.014
0x45f35bfdc9a8baf185393830b162710b3c1b412b,0
0x469136b018a816c42f0354c5768fe2615d903ead,0
0x483e359c25d0f7b4b154d4de7e5ce8ba3a4fb2cb,0
0x48497101f7628e4e67c940433e65e2ad5b84f8d0,0.01
0x4885a8f4d1bd38c0d70d770ab5e0bc3147899050,0
0x48acaf117925425c572603eeefee48f6b2181dfd,0.0027
0x48b72465fed54964a9a0bb2fb95dbc89571604ec,0
0x48e36e8d121e17098e2370f7709982f083b6c5cc,0
0x48e5013861b25c114e369c3e12dc948008352aea,0.0302
0x496412001e312422dd5cd24dcb4f948cf4385ba4,0
0x498f1895979673bb041ab66f5aa0fb6a6f6a3a32,0
0x49db40c783444cbedebdb09bd39b508e70b42c37,0
0x49e7c0f9fd172d58d2899aa215da1d055def166c,0
0x4a8bfb4f442f0909d748825f20c65444fc9feace,0
0x4ab52791c736bc26d1933b4940ce8454e0474d03,0
0x4acdb0d2310ea1009220631a2a388c196d50d798,0.1
0x4b7c0da1c299ce824f55a0190efb13663442fa2c,0.018475
0x4c3c207f50a9e923c30436901a6d21e904474b06,0
0x4c4b928357eb212ff29716692922eb8e208912b3,0
0x4c56687f84bd092549d26f943f38462073116537,0
0x4c8a8874e8950b35e28086f3a09ff8304e1f31cc,0
0x4cbb4ef42d771dffadeb690ab1769d47cc18bfeb,0
0x4ced0d2cbc1628c903485702b20abbafb39c8ff6,0.01
0x4d273a63f7b686be12513edb4fa6a13ebc6f5fb8,0
0x4d447a38edcf79f3ef588518413a55d717a93f9b,0
0x4d4902bd7e080159964f46b10feeb6482d148e5a,0
0x4f01f48e4709af7bbd31aafdcfa610372d211ac8,0.01
0x4f176cee312eb74289a6be2de9e09ec275cf577b,0
0x4f2161c7eb1dc40d6f0eb24db81bf4a6eb0c3f30,0
0x4f2fc90212e949ff4aa32def570744163671f22b,0
0x4f50d47d20380172746527bbeaa274940c38efac,0
0x4f9a04bf67a65a59ef0beb8dcc83f7f3cc5c5d23,0
0x4fe992e566f8a28248acc4cb401b7ffd7df959b0,0
0x5051beb48c656f965a3554f9d463719735392446,0
0x51275abfb52607103e75961090d6e98701f5a70e,0
0x5169a46cf0b99c0c1e8d078d3b9f9b6ed9a215ea,0
0x51d770576c723e3541b44ca97fd73e40ae6c194d,0
0x51fd7f5d9070a5e5697fd7a0fa1c2552d5e58a41,0.01
0x527807176c9dfd3134c44e8031f7a5af77abb5db,0
0x52803f0201a3e8189c7cae30d1355d44a46ac637,0
0x52fdb33c0593fc55737c94deeeb3c3a758a16fd3,0.01
0x540b6b5ea5ef65b552ca656b982bb5c7cf01739e,0.01
0x5444a43aea36f3cf015aaf24a938ae6baee2614d,0
0x5484da1245bd3fa6da70497ed06597ebaf662fe2,0
0x54881b3b3123783d0d85d69acf10d6343b9b7472,0
0x54c1632c049ff4a1e36b81e5d1d8f079cfdb8505,0
0x54e15ca35bbbcc3d75616de3d2c46ba80ac8cb28,0
0x555d6dad9528f82fd67a89f18ddc525fce583615,0
0x5619038210fec51158d573e70b76a9b2180990c5,0.01
0x5639637f5530b91ad88b5b7264ce928144f8afde,0
0x5651412bc177c82a5227af23884be6aaafcf9d45,0
0x56947ac048452f75a64e2411ca140336cf939f7d,0
0x56a176ace5516b0f8525b292ba697a16d5e8a7eb,0
0x56d3d8fdcb421670bc67b65aeaf0368420493033,0
0x579cb6dd7eb6c285048d9c9beb04f74e023150a0,0
0x57db5d6aa783cf29af41330569d24957140fd3eb,0
0x580848fac548f61c1c1a5bb7295b4cd306524610,0
0x58f123bd4261ea25955b362be57d89f4b6e7110a,0.001
0x5975572a86b97f5d0bf17729c1491f848f210334,0
0x599aa2feaeec1c4caa33da6b7fbd0e6578953c96,0
0x5a055988d80c2388d4d0d4e21c44603afc34977d,0
0x5a1c7786447339125830a8e54305a338b7183966,0
0x5a57d2d0f4592c4222d29f7fa6a4a61f2051e60e,0
0x5a6d3b6bf795a3160dc7c139dee9f60ce0f00cae,0.005
0x5a9347f2a7aa3a420f64acd9eb35781e5738add6,0.01
0x5ae725d8c2fc96b6471a842dee617c637dc8cc7c,0
0x5b21175a82f112c88e306a546166037d238de684,0
0x5b93ff82faaf241c15997ea3975419dddd8362c5,0
0x5bc46375f4b488712554bdb2fadc30cd459de5b8,0
0x5bd2b53cb6b51b4bda9a23ef46b76a501ad12e63,0.020868276046988556
0x5c0ac266833e36e98edb52070bcea5be6c1145c6,5
0x5cf77032d178f1e126870d9af26b63ee3400e271,0
0x5cfa6254dc991ca0efaafc84ce92d960e6d4b911,0
0x5d041980e76e766c0b8ca414c4244e75942ccbf2,0
0x5d96b3d96cd4c2ad91fb8f45b5e67ab11b2cbbd6,0
0x5e1ddd11ccfa137a7b91c103f36c88a3e43f4ab1,0
0x5e7b645d5bf86750cb1913122ba8a8545e2a9fd1,0.0274
0x5ea7ea516720a8f59c9d245e2e98bca0b6df7441,0
0x5ec119be6073a0688febd1ba4daf38a05d2aa049,0
0x5edc421f564d7ecc4b260e2b711b9a3a86c7ef58,0
0x5f681ad96ce4ad8b3d7d745ba1e34109afebdab8,0
0x5fee8d7d02b0cfc08f0205ffd6d6b41877c86558,0
0x6002c9bf1e8a27d5dc2e175d2112f17e57c2eb30,0
0x6007a552d619b7f40e2f7702d72452bff6574916,0
0x601c6d9eff76ae8cd7bff5fc4900f20f6f80734f,0.0214
0x605acc13c07cb2de5261dc64d315857fde7d5c5c,0
0x6060ea8c8475d22450a09824bf53795ad08a61c5,0.0087
0x60b0bac06ff5d46b3a4c7633b00f4933e3cddde0,0
0x61380f8fb1ab63e3820e7f64cbe3f52a0d3200a6,0
0x617392bb7094209b50ca1a786c95319d748d35b4,0
0x6186ff3058150604b98af5a8521c96599a1ebfc1,0
0x62b724a0bb9d8afd48493e8bbed7c0dd56e2f711,0
0x6365ca7eeac872310727dacebfd5c31fe9ebacea,0
0x63ce0d4f2911dfc4b7673d3d62fffd06248e0f67,0
0x644239848c7b402d813295893db428aae7cc4cb5,0
0x650999888fdc834138f89a9890e58723ecfc1789,1.862612521586056883
0x6517e7592d28927e7ba4f03ab54079b527d6739d,0
0x65870575837f98511793041ee5c0cc4db911b01e,0
0x65b0bf8ee4947edd2a500d74e50a3d757dc79de0,0
0x65d25e3f2696b73b850daa07dd1e267dcfa67f2d,0
0x65d2c4239aa6800a8eb108889def0e80e1b71301,0
0x65ef5b37369f98701f4ec29258d90489623ec239,0
0x6621b989d575f903430d2653ca21eda1e2cb1bba,0
0x6654500f0e8d45cc9e21827c6ff80a17dbe5b794,0
0x66ab00caf59f5392c8fd3737d192558442d2c68f,0
0x66d45a58cf49f054938c0a288793c420fe98bb04,0
0x674f91a20834001f4fadc1a9eb8b4ac23a7ad568,0
0x6792dfe16aecc04c9af7c47b96a9734f1a825bf5,1
0x683a42e5b414ae5cf79ece7e369ca5937fdcdc11,0
0x687ee4dcae0a67f3ec2a495ef98eacf336cacfda,0.05
0x68d36dcbdd7bbf206e27134f28103abe7cf972df,0
0x6934e914558878995a5c03ac6f334dff0bf173c1,0.010153727433340779
0x6937426e476739af291b96b737b7d46193d9981f,0
0x694e929bc5d2cdb66183a874bd19cfd2a7edcb08,0
0x699a9073660a90116590963290c98958e5d65ecf,0
0x69de827466eb02d672b79139f0eff3cee2358c79,0
0x69ee0929aec103e3c50d26e6a431ce23f1ddf504,0
0x6a11e0e1740c9f7568838a81b308bdbfa39709ae,0
0x6a983e653d6d7c81fbd29dd7cc638b6f36242d08,0
0x6ae1b04cf260480c99a031008f24f39737196764,0
0x6b3999bb710e92701421c63ae4952301bef0ec98,0
0x6c74c7f31db4a482b296a29d5de2d9adf7acdb30,0
0x6c99c45b39d1cddb61b272798ea1da2cdac9bcc8,0
0x6d3298df789d8e4165af2464f698c15483884fc8,0
0x6d5eddecc7528c5c06b500d5188c13da1885c151,0
0x6d97f4c0ee15c9ef67193f434f6fd6f133a7d602,0
0x6e1c24586d0dfeb608e0442a8a1ce772afec03a6,0
0x6e39564ecfd4b5b0ba36cd944a46bca6063cace5,0
0x6e76e57d18eb7f60f9f74202addf296ff8d4b894,0
0x6ec62454447b9adacbebbae86687707a786c8530,0
0x6f2a8ee9452ba7d336b3fba03cac27f7818aead6,0
0x6f35b0cfc58eb1e21eef8a439bbb0ce4c929d32a,0
0x6f43578a5bc4c6c893bad3c1598b69d1fdfdc692,0.05
0x6f861912e7115a66ed65ff30f80a4a4a33a594bc,0.01
0x6fa3de4e25b42352a56990610bc5e726de4bf6d3,0
0x6fd032d3d98a6bce99c520767ac220d745e95b53,0
0x707e4eb6298aef3dc9532571461149bd4146602c,0
0x7092020d4c6c26f6e06ee1e8cb5b34f9d14341c7,0
0x71765388bdde1079ec83f0448242469d69ae93f2,0.01
0x7185fbff199928cbae71990ecb3cc4a7be2ff00a,0
0x71ce21a0776df966052cac4fe98d18313dd3c214,0
0x72a38f45f57d8c25425a1712e7bf121159bf48dc,0.0555
0x72ba1965320ab5352fd6d68235cc3c5306a6ffa2,0
0x731503e1ccf11d0d1aa629d4554f733e44924da5,0
0x734d8bf8e0e74316dbae17ce11bab2eec82d906d,0
0x737d5902b5363b4a6e62ecac05994851b86b053f,0
0x739b252faa0ee6ad44350698eff50ea32906069f,0
0x73b37242517ed3c1517d74561d03c4fc948ef788,0
0x73f484ba16b2e120e1c57c5afca8e62d31666d93,0.005
0x74756b75fc77896a88ba3544572ce1595d78d7d9,0.010000000000000001
0x748c2ea5db75d57bc077ec156d7dc78d04f54246,0
0x749fee22929ffb4d9be21fbeef05ed076a94e68f,0
0x74b34df05e6f5c6b0aaeb1909b02dfc1e479ea4e,0
0x75086316ae15b560186878cab2aef4db6b924285,0
0x7543bd64f02033fa51b50d9a9b8d4a5db85e84ad,0
0x75536cf4f01c2bfa528f5c74ddc1232db3af3ee5,0
0x755b8baa3b2ac8df6de2542fad2e834a5cb2cd1c,0
0x75a539db04dfcd914b7b2e985662e586c3da3ed4,0
0x762beed7bd861db73e8bf3228f4f288e279a9e2a,0
0x764c4062b10a7e27408267900072da70feaaa729,0
0x76d06be150766c497a87a90b25fb3eb34e8c4ce9,0
0x77b2b39e3e103e581eb2933b2ead3c2ce66e8616,0
0x77bed8137d3c1640d0f45e5cd1be92291d22f7d3,0
0x789146f9bcf06008d18b785912410f93b26c2340,0
0x78b3a256061ce71fa266c2442ed08c04a784a7dd,0.0029
0x7901bb5d22b623e18d10e02ca67e4f50d0a49a18,0
0x79330aab8c32e616b4b9b177eeb72264c611118a,0
0x7a74fb6bd364b9b5ef69605a3d28327da8087aa0,0
0x7a90a4009632067e6c3e9ccb10b6e0b04a2e148e,0
0x7a9129e9ba51d16268e0d56a6b70fa3e0b39b5bd,0.01
0x7b0dcacbf3f06324f4f92093f1832dc155e89ec6,0
0x7b14f838cc764e3db7c64a913892ce65ae91b0ff,0
0x7cc696a7734f459d55d1b4d716b1f56416f0c21f,0
0x7d022c224b3b13e1f480bdd4c17f07521ad1f6f1,0
0x7d023e2552d82536b7151179f8f94a1522d1c810,0
0x7d5bec15de5378e31040b9fded942c3f18066586,0
0x7d73904f8b3a7fb1cf94d3497a26dc1e18b5543a,0
0x7d957aa56820212bbd4c7667ad5e3e39215048a3,0
0x7dd4e4210968fb10d6ef1a8c7b067ab2ff5010f1,0
0x7ee789b7e6fa20eab7ecbce44626afa7f58a94b7,0
0x7f7dc314fc75658d474dbbfe598ebb058ca6aacd,0
0x80224b743c87a44b0fa98883c8ab4afb1e562e02,0
0x80581d4d64ed62e509e2e9f8ac88f1fee677b0c4,0
0x80ab0dfe8d64473c1ba88a94d1daefb1500b4910,0
0x8133a5dcba30387e88b8dd3b782797ae00defcc0,0
0x81383074777899d03fcafc46666026526e2507e1,0
0x81935eb120ef44b3f615f09765e669106769c237,0
0x81da4f0bcea8d330d790da28bf5349d29ad51fda,0
0x81f930a861acda3f7a6682562f2f34ecfd42b963,0.01
0x825babfacf8d2edd4e931d49c52f6a1f5ee476c4,0
0x835a09321d7f1a091aaf912d258918cb88ed4664,0.01
0x839395e20bbb182fa440d08f850e6c7a8f6f0780,5
0x8394888598fee04bac7600598edd91b3a7b5389c,0
0x844e2fd3b16dc5edb211cc758b2f88236ce12ba7,0.1
0x849f17c54d6dda08162ef328131048d95b9b2c71,0.001
0x84b038a13577ac747f5461e08dbea8e13690c966,0
0x84c57b83a3183168bcd68576b50842e58de671c7,0
0x84d99ef0f45a7d16a61f83955cc3147ffaea9a3a,0
0x85419d3637f65773068d9f8329b3a80920c8ca76,0
0x85770e77d35ba4b25440518f919055ea4fc02ce3,0
0x85ac9e682995ebebde8ff107fbbbfe7c40992e4a,0.2515
0x86121466c57705dba9a4753ed55e95ef72e4f6e1,0
0x865ba8cf292cd5c65ca4ed58c85213ad8907ae67,0
0x867a3cf39f32555f587e5fa96db67b673cca4ef6,0
0x8692636d5bd1e3c9bfa7e78c9271efd40ff4168d,0
0x874dddf7fe737bd0c476e6f73d4b59e54122e9d8,0
0x8778b64f999aa8ed59045d8d67998a77ab51e258,0
0x87db27ac8459ab6602f7a6155b48f6b184065da0,0
0x87e6888935180a9b27a9b48b75c9b779bfec1f76,0
0x8820768caedc113ba97dd749d948ad0fd91c52b6,0.526432797662912695
0x891a12acc41b0dd70aa3626c6b78be5e9123b5df,0
0x895bedb438c1bebf83ba061c67b7f3f6b74642b2,0
0x89b5791089a132c76099a95a1aef1befbe9ea8ad,0
0x8b2f87f41e0cb7c910b83ac00ff61b81b4755e74,0
0x8b5edbeef4d88dc3f488239169f1c4f3aae3b1b6,0
0x8b65a76d8825d746eb1bc8c8efec842c00bc8c3c,0
0x8be77092bb7cb74c8c584d11f1d7250c2fafd537,0
0x8c2141da5aa1048eff84c979df27eae47b2406da,0
0x8c897f86a6bf5fe0affe796961107a092c3875a7,0.0572
0x8d07d225a769b7af3a923481e1fdf49180e6a265,0
0x8d0bd4df6e2af6d88073bae81fa78a1e043a667f,0
0x8d3e621d6be9898a711bec76ba3b908778ad0aba,0
0x8d5238eacb01cebcd06f4fcd7bd321d00124ebf2,0
0x8da02d597a2616e9ec0c82b2b8366b00d69da29a,0.14
0x8dd0dc203090591183b7b26203a911e6a220b3bd,0
0x8defe1403c023d1d2d871bd89d99f14f96f5b8f6,0
0x8df168a41c3a3c6be0e9208d5027ea80f2c5ba25,0
0x8df937afdf1d08c2ba565d636ca1365a42144385,0
0x8f19f5426cd3cd730185b163eed00a7a28d40019,0
0x8f22519409f63e63f807028026aed16d860aa2a1,0.0102
0x8f242eea01d82852cc9db9c64db449f232786011,0
0x8fad9f5b493dff57573e44f6d25b6402c15d4087,0.01
0x9030b78a312147dba34359d1a8819336fd054230,0
0x90a64ed7b118631520ac1d71f348ff213ca51817,0
0x91cff056dc3331cc536502b69427bf8532363344,0
0x9243fed0055c8aeaa31baf425c3e96c19de9cd43,0
0x92a0b2c089733bef43ac367d2ce7783526aea590,0
0x92e486b1c07f83b83c6cf892e5687f15aff55728,0
0x92e5a4b202f57b3634d6352fbabba9cf2908a14a,0
0x930a7cd60a633128b7c5181307781e6d033ba51a,0
0x931292c42a5f600e80d75b7c7743f0164240882c,0
0x93889f441c03e6e8a662c9c60c750a9bfecb00bd,0.003
0x9389d9e95f8d409b1e6ca7085f0ada92e546ee5f,0
0x93be9654559b5a9af353be07990f65b3bfea4e11,0.01
0x93f3f612a525a59523e91cc5552f718df9fc0746,0
0x93fc1f35f53a9553534979233caf273214c51fd7,0
0x9441e8f01ab00523b0db9793baa68287d5aa4def,0
0x9475a4c1bf5fc80ae079303f14b523da19619c16,0
0x94a468fcb53a043bf5cd95ef21892e02c71134be,0
0x94da43c587c515ad30ea86a208603a7586d2c25f,0
0x9504f364982930443406b9ab86a502dd1d2f4c8d,1
0x950807aeaccb5e66dc09e9f99a7d559a880d8b14,0.0086
0x95784c6676e9d37f340e4c7c7d0e647456ddf22f,0.18
0x95861c41e7767dc737bca90b175ad51e5f7b9ada,0
0x968986b1f2ce48b45264d125205908d72185bb13,0.01
0x96c8e2a1eab72eea758b6694fb2217c4118bb803,0
0x9768339588dd531096222a99c4d258d646b76a80,0
0x97814122e883944514cf3ee74e3c873ff8aa5869,0
0x979f2259f756127d926f3dc05e3639ab9174e8e9,0.0001
0x98a3c58ea2ee5bc236a8e99dc629ff9325f2d29c,0
0x98e3a1c42b2bee7fb81dafe363e6137386ea948b,0
0x99115bff73436df3ce33970b40d23a7f52a77c1b,0.01
0x995a09ed0b24ee13fbfcfbe60cad2fb6281b479f,0
0x995dcf49847775fbd1489a77fe451317a131c816,0
0x99dd6519ae8b8fdc550fcf9914526ffb9b004e6a,0.000001
0x9b4c75ce8d7006620df39e8757ade75d6434a6fe,0
0x9be8aa0c96730d0bce6a3e7609b0636b60aa95c7,0
0x9c2dfd5acbcf22cb9a82eaaee95824faf5e1e035,0
0x9c5b488b39028216596172ce8a1e462daeb1197c,0
0x9ce8f85083fcf364467a827cb15730102306ed1c,0
0x9cfd5052dc827c11a6b3ab2bb5091773765ea2c8,0
0x9d15c8e074b02daf8ce809ba2cd21a60b7bab9c0,0
0x9df412a54229e902401fe8afc0207cd7ddbcd1b6,0
0x9e75d5cf5d6a1970e47bc3d37f3c21a878c321e9,0
0x9e780f5ba2b35cb0a319aa81cb91adabbafd7364,0
0x9ee1830ff376758c5ecc7fb465f3b14d64116d71,0
0x9f3226e9de5983804e7003a779ef2e59f7e09733,0
0x9fa96194cae4ee4f82e9e8993a3c66bf1cb55236,0.001
0x9fcfee1c1db7570187f9ddb5ae75f53ffc844874,0
0xa00c99f5f955552742f1089ded88abdc74e67bac,0
0xa07fc95ca4494f0ad2288b9e37ad8a07ca4c676a,0
0xa0f82699db37a2713abacc1b32cd4f5f962ed231,0
0xa142ab9eab9264807a41f0e5cbdab877d204e233,0.0032
0xa160190aca6b3df1521f8607b4fbd07f195f09c5,0
0xa23cd266ab19fff6428604f200d6b4250e30ba06,0
0xa24ebe62c3e7167c87c6915081815a6b82d45a44,0
0xa289364347bfc1912ab672425abe593ec01ca56e,0
0xa486f09bfcf38735a9572958aa164692286652fd,0.01
0xa4887ea048a49b34ee531fb43113ecaf930445e3,0
0xa4932280b37de5fcec32232fb378cbb24275e8f8,0
0xa497573c2481d44381b510ede15bcd6b6e901457,0
0xa5979e23798624ee7d2f4f09a83b7d15c144ad29,0
0xa5c3a513645a9a00cb561fed40438e9dfe0d6a69,0
0xa6055f63ea1cf238e6fd00e4d3810141ebf3ec2d,0
0xa6241f2cc88444986519be032e4f00d4bab75d15,0
0xa68a425b8db548eb0b278c4b1b864809f2f5cd09,0
0xa6b5b157670fc71dd34b3e4c8336fe72c0358c78,0
0xa6c366d97cb64708211f24310dfad5363bc96a04,0
0xa6f5554e7e4ccafc78223e30020e33feff56f0c4,0
0xa7b7e7f12b6fa37b6fcc6269e2b46d4b241b4a61,0
0xa7f3dfed2bcf7b35a8824e11ae8f723650edfb58,0
0xa8192f71f0ec42bf8ca501e80475e2287ee54eb1,0
0xa87ad9e55077bc5191dfdc0011c59f6bb9dcb4b0,0
0xa88137b5d83f943b8a4e76157d71c18a96667e43,0.01
0xa8a2b42d64790482162147b0e47d57c11f41976e,0
0xa8f554349932fd1226654ab346fef3e9b2d193b3,0
0xa90907d49f86500d91a664ef7a66d9d35ff6fc5c,0.044
0xa916fc0fa6ed0ca00703e24db0bdc8e814ec0972,0
0xa91b24b6f0e966faf056278cea6267aaf0054304,0.0081
0xa93664107e047440ea610cda9ed4357a2e48c396,0
0xa96885eb1c369017f5561d7aea3b8ed397d5a2e2,0.01
0xa9983525c75ea6f00b06c7dbdb1bdeb777faa371,0
0xa99c042be78a46c60af2cc3f2df94c03a7798573,0
0xa9ddc3383ab709ea54ab5b4f9f89f57e60eb2f4f,0
0xaa91539fc6a505ff0929c087cd949939d7549a00,0
0xab7038b84eb89b602e7cf0feb71581b27f3599f0,0.01
0xabcd465c2dbb7846b374e9acffe1e7744229452e,0
0xabe2b5ec3b1104bf3628c3f9083fa1eb76b0eed4,0
0xabf1f75ac015738d78c591827ba08cdf955e7e16,0
0xac1e67d609bd88234624fc658a4f69badbf63b23,0
0xac87330383301008fc2a57c74e8416d34f0829bf,0
0xacf4c2950107ef9b1c37faa1f9a866c8f0da88b9,0
0xad505ff8d7085b42e0772e5221d2c07a920f0eec,0
0xad54fc577ca4363b625164ad780531dfcb5b258c,0.01
0xadaa82d99ca31379ec8417515a75a7ce3a4b4044,0
0xadab30c23d34469d2b6f7d8f13a92e52d65d72ae,0
0xae0b6d8e5dee6d08c7f2392a378552c91f6dd8cd,0
0xae7cea441fd85b02f2768dcb849580089d8a81db,0
0xaf26e4251fa45bd3e177b7e992582556f27b0c44,0
0xaf83a5aef844c57f025825209ed4dada5cb06538,0.1
0xb25f71f036bfe7064d638e049c02de80d2e10c5f,0
0xb299a150fc885ad99292dfb5aa6b6a128401fcd4,0
0xb2d60143097b4f992bfbe955a22dbb2acd9a8eab,0
0xb2f384ce6fc224bde477fa52125f43d9f2eef549,0
0xb38883317621460fed87f3a6956e9ed8773e8390,0
0xb3bf95aa39c4eb5772923c61693f35fc39e35fe0,0
0xb3c9f5afe63bb3cba3aadae55a9a0af12b710059,0
0xb3e1b74963301d2ebd72eceae539007c3aff3424,0
0xb50e3265701f99baff0abf092d31425eff30b0d7,0.0952
0xb522bd8a501dfa970c40b57eb76c76256d55758d,6.6165
0xb583eb9a05e20ddfd35f6a59897ac0293658691c,0
0xb64943f4f26d837ceeac96cae86d1bab23a3414d,0
0xb6ad42d615759e50c8087849a2f6f0e2032f7085,0
0xb6cf25f5cf8a1e1727d988facdd47f1dfc492caf,0
0xb6dfbd40b1df91e16072fe34c197bd9d74af1e9b,2.1273
0xb70cc72a649351f65e14eff4b84f30fdaf1af6e5,0.33
0xb75315f6e6e2ad5ab0b67c593238604c35f64a29,0
0xb79dd7a1fd1298b13771055c0bac2f215f4a13dd,0
0xb7d772c2312b120a7b88fac821ca913e1f1162a4,0
0xb7f3976521efb72c5f065c79dc619a557f2e24b8,0
0xb81e88279f3208001aeda20689d3e5d818758dbf,0
0xb8b6b985f9893350545af34f86f10ace10fed32b,0
0xb8ba98522f9f26c7fffd97d338dbb2afb00a16cc,0
0xb8ea2d329e11b37074b0985ef338343a1db66d8d,0
0xb8fd9b300c2819546013dd45c238ab6fa1eadba0,0
0xb96cacfc32aadb1c50fe4006cad32dda5f1016b9,0
0xb9bc87e399e371100f83ffc51ed44c13daf576ce,0
0xb9ed3a2b35396e960af7a812d330726678795d29,0
0xba1b323c5c3ec24b944e0e3a2ea1ef0b59f428f7,0
0xbad81e37c8d4657672e4ae61ba5a49084dc5949e,0
0xbc5eea869e6a7a30aa41b3b83111aedf23846e33,0
0xbc8dafeaca658ae0857c80d8aa6de4d487577c63,0.1002
0xbd6c1f8d5692d49325fdf12daa00dac59224de08,0
0xbdaa99322852947ddca0f7c0ed82b66d21d467f1,0
0xbe10eaa921719c3ab6300479e16e08f32354e90a,0
0xbe138ec64df5beb9b49427413c1b958957cc1600,0
0xbe1fce84d48d6779d642b4682a19683233e900f3,0
0xbe625e5055aa83748e67dae0ca8609729e01bde5,0
0xbe81cca2fc9f28e24ede0363ddfcdcba31ab1e3f,0
0xbed4e3cd89918563a9ce4b04cf5379daf566bd53,0
0xbef448d1598e91e37a037fef50993af4a0f827be,0
0xbf63f97613f796e1de3446e64b529c79e5cc40b2,0
0xbf8eedd63772cd7dfdfddc5dd19e9e4e3896d555,0
0xbfdc90836149d0c3dec9fcc09c5cb8e36d177270,0
0xc031d5e3822be0335027ecf88afdfd3433a97fe1,0
0xc153f9bd2a1f6dbe955c01a9715440eacb658043,0
0xc249edf8f15aeb2ef16d094f37a97b3e8b454d03,0
0xc2591ca855f201ffe773a3d9223031940ed04af3,0
0xc2954f5752c5bf0f5630dc5b902b69ca09fd5211,0
0xc39c48f6e3e7ed8f72cc68191d820723fdd0fabc,0
0xc3d5f6e396d435d1b39a7f625b1e0b77fdd91dec,0
0xc3df9e2a92a38c98d6ec5d3bb5eb43240a6109bd,0
0xc4126a64c546677146ffb3f3d5a6f6d5a2f94df1,0
0xc4bf1e9f7255e4a379763579e52ee2b7c703cc56,0.001
0xc53351fc5762e6eafb8ddac98851d59c4ea7b7d4,0
0xc55e5dadfa858ca2048d5bb0b536f84913cf4f19,0.0016
0xc59f33af5f4a7c864738ce288a411acf52338bf5,0
0xc6c1729a25792690b1d034f46ac0ccf5d3cff69b,0
0xc724b14900af2f186f5c7c70fd144cfb034d071c,0
0xc7793f3c27391f106e02511560dd3b44758f6de0,0
0xc83124ff1ec3a5aa4118711fcb0101fd5f0be592,0.01
0xc89e3b82a3142f0077911effd958e9f421cc9ca4,0
0xc8d65a3927db7f66479de8642ecfb3a7ffab3fbc,0
0xc8e7c93ccb26004e5a3f500e4e19b7c106614694,0
0xc9bf08ede90d6fe6f8785a8ae23f5f265e5a5b5b,2
0xc9c3a89085c6d7c44f2780259ec254e3370bf168,0
0xca74210e1a0ecc5fb50c461e05112a973163d4d1,0.01
0xca8d6f69d8f32516a109df68b623452cc9f5e64d,0
0xcaacebe2fdac9d3783563b9b80c714df82705226,0
0xcac6936ce3b27e883a20f11df19cffafeb965157,0.0789
0xcb134b266bc2e694a7603e481967bdf1ee84ac30,0
0xcb6af6b8024222fd3d29db26110e373b4cc36f06,0
0xcb808a9aad7d219d8cb848e2a96ff8632c26e16b,0
0xcbf8d51cb30df1a5c4e8c94e10370f43bb43ce15,0
0xcc5eac1286e4cc0aef72906b42daea0ae1b16951,0
0xcc81578d163a04ea8d2eae6904d0c8e61a84e1bb,0
0xcd8263be29bd0dbb25f76cb7107d8591fdb50f3b,0
0xcdc89a819166bad958ab0c84db0854e22009ea1a,0
0xcde850e02a5d1ebedb5e1d2b177af8770354fdb7,0
0xce612d91a21203671901142034a76ded9d8591ee,0.005879952460523707
0xce75e6c8d7a968a9b9326716384acbbe81a9c333,0.01
0xcee34519440a6490cbaedc7af35874daa30f3ad8,0
0xcf24939b6c28196b1da830b07d138ea8e2aa8ab5,0
0xcf2980aa3010e2abd20d127e9e671afc804ae1e1,0
0xcf3c459464003d52be5a46df4f8aaf36d3648d1a,0
0xcf7c25b821b27370afce74994af7d17f304105fc,0
0xcf88fa6ee6d111b04be9b06ef6fad6bd6691b88c,0
0xcf924dc1819fce1b660e7682cdbd177fcf42c090,0
0xcfc50541c3deaf725ce738ef87ace2ad778ba0c5,0
0xcfca8f21f164c29f87b5cb06d5ad938ae565ca11,0
0xcfee7ce4fd0bb5237623da107c990d6107bd9732,0
0xd0386cfd9b61019ce0b1bcc9e35b4e2db7f9e3b0,0
0xd046135ba00b0315ed4c3135206c87a7f4eb57d9,0
0xd04745365511c56c12a62b761fd6dface9a82ca3,0
0xd0acc1314f680599dc1a81c04f5b4f9cede43d9c,0
0xd19604efb40ece1efd6df5de6d3892112b51e99a,0
0xd19c396499db2a8247c750cca8dae6a5e215a943,0.1
0xd289986c25ae3f4644949e25bc369e9d8e0caead,0
0xd2925983502b2f849c96dbe449179e8b09d8c6a7,0
0xd2e92a8e1082c9b847231b0787064df7e6d40193,0.01
0xd3308b3dcffd1dd3d00bfb079100b1a479787086,0
0xd353bbf69d0dfb2cd6798dfff40bb31ae565ccc2,0
0xd3aa1fe5d12c62eea28b768ae27c1f53b0b79181,0
0xd3d555bb655acba9452bfc6d7cea8cc7b3628c55,0.774717201729221186
0xd41d83b6724eedc2f865bbfdef89d857427e0258,0.01
0xd43f3716cbb9386352880a9bd52f7f07ac01752b,0
0xd48d3462c5e5a5d568c8f8ec3366241ed8b46bd1,0
0xd49310f57363ea072a7208e77a82ee82cf250a19,0
0xd4eddcef8643be102338e1d967d2516bd8904fef,0
0xd57def61cf1f958ba9d8e8caae81fe9786e0f7df,0
0xd5e5f88d0a2ca3fc034babb0a58afd9e15922910,0
0xd62273960ec0425e35d0331f9442234f9cddbeb8,0
0xd6390178b2002a0758e8b3486fddc1c4bc23ebe1,0
0xd641356080a33e317c2bb4f9979233bf2b8beb6d,0
0xd6461d36acdeb756bb1c1a8430ea3e3d5c479c8d,0
0xd6a22dc6bf1f8a200e1788d298b1e33a358ba9e7,0
0xd6a958115ded57dbf2918c4608fb0102a83a1973,0
0xd6bc8415d2c8bf76788c29c21f4e9bd3c924b78d,0
0xd6d30f186e802c1558b8137bd730f7f4aec17ae7,0
0xd727b3f91ee58aa59267b9621514989ba4b6b2b7,2600
0xd81178a4d4c4212ac065f8c598e85a4b4b2e7824,0
0xd87cfd8757db0aa5b3380bc8009881f64f76bd20,0.0288
0xd9412677da36784f2695fa376ee62059ac59fca1,0
0xd9b012a168fb6c1b71c24db8cee1a256b3caa2a2,0
0xd9c5e8412694c49dd3b154ac5d41d4959bc115c9,0
0xda0396c581d426dd0c333d8991c1e979e02f3223,0
0xda2e2c4fb36011e1c89e5e7254e28f35f1534b1c,0
0xda5fc3fb1b52e0a925f39742120e69c639def487,0
0xda9c77c557f21ef0788c40b0fc6ecc0a366dbcf7,0
0xdada91d12dd2aa6bfedf8bfe837830d879e1c11a,0
0xdb02db34221f6116a993b4a70cefe28b9aff379b,0
0xdb102444f12fd493ca9dd4888f98bb0a50cbda36,0
0xdb81c76b854e01ff003e1046802b7849beeb79ab,0
0xdba6026ced2c415bba7fb8dfc2754556ff56aecd,0
0xdc306882831243d1e914236464d66ca469093841,0
0xdcbeffbecce100cce9e4b153c4e15cb885643193,0.043183486275065801
0xdce40dec2b53d658948c5e382b48fbe22d39637b,0
0xdd43383d057f16be500f802de770ce1a474b4867,0
0xde57b9fcd4e95458df7be7bac0bcc08aaada4939,0
0xdee81a25f90110bc00a19dcc00afface8b3b8392,0.0088
0xdf211065d33c6907aef314bd23d2f09a1ccd9615,0
0xdf4f6241bddc6ab56c02c28d981470ff523ac167,0
0xdfd5c26ea2319eac3b71ea5cec97ae060d29ffc3,0
0xe073182d644ebb5290cfa6915ba94312fc73a679,0.1
0xe0bdfb7abb21b4203d25e6b27029a9d423e4f2cc,0
0xe1093a74889f328a29bd6e9b25d20cb102000d8a,0.01
0xe18c444e82ddac4046a55355d97241ec59c7184c,0
0xe1ad30971b83c17e2a24c0334cb45f808abebc87,0
0xe1ea35cdb6aefed1fbb4d2fca39b0cd5422d24b3,0
0xe22c9c1192cb7f26bcce0c8c7be80b3529d3dd4e,0
0xe24dc8945346e7b5abbb47e3a398364e421800e4,0.001
0xe2850aeceac7e8d955813100098606bfd1a01fdb,0
0xe396c8fe5dfc20f916243e5e79566edb668e4f2c,0.017
0xe40afc776c18d8925199dcce78d0b06c9222b896,0.01
0xe4221d3907bb0f2a9498d5193bc99d1cf693183d,0
0xe4f077bf767a57ae9aad77b0ab54cbde0bede65a,0
0xe519f4cd2803ba53a40e6377e82406e548418660,0
0xe57c319c834258af58c21c0a0887fdf1bbe0d83c,0
0xe58585b22cc2ac4270a2b92c2d2d8c5db5a3330e,0
0xe6a608633dbd4b1177a0613c832e3611d3ddeba8,0
0xe715eeca1d8dadc75caf45aedbdb3952f73771a9,0.006998527673891694
0xe79844a5febfb4395a2b94830f62ef0c35b60576,0
0xe7ab7c0bb108f1b9efdc057b0997855250a46a2c,0
0xe8bf424e047372d249d0826c5567655ba3b72f18,0.010000000000000356
0xe8dce15eef658fb7c57be0c05faf01ba225183bf,0
0xe8f0c9059b8db5b863d48db8e8c1a09f97d3b991,0
0xe9646ed0fa6015fa67c39c23d5beec6a65e59940,0
0xe99b1148e185d2b8e4e901f60c0230696d3fde2a,0
0xea2f87d1afd323035e82a409e522625e1399f947,0
0xea6f24d7f456c4c1d6c99cd51aa7bb5277f5042f,0
0xeaa09af8dda09f23f5d3013db052185c98f8f3c5,0
0xeabf7dec6253f3ddbcb70a93fa9a5d6470f6cf74,0
0xeb54d707252ee9e26e6a4073680bf71154ce7ab5,0
0xebf96b95e2d08651856ff82771876338ac289f06,1.589648599428412335
0xec0b8a38d1f217984a5a22f4d1938d474902f984,0
0xec3281124d4c2fca8a88e3076c1e7749cfecb7f2,0
0xec6e6c0841a2ba474e92bf42baf76bfe80e8657c,0
0xece05c2767617c148b8ed1442019625567d02a0f,0
0xee848a515b6da28e21d26021898ae0e14b256db1,0
0xef3ac842c0844ba5772ea98f1d48811b86edb2b1,0
0xef492b2d863b4e68330b4ed0b39708d3846b3420,0
0xef8305e140ac520225daf050e2f71d5fbcc543e7,0.101899558274954012
0xef919443a63ad6d9de7a2f3333f5fd5345a9e181,0
0xefae62cd95a962aba6d73d133255ff3c8a12c337,0
0xefbc9554276f7d617bdd680892feb6f206511610,0
0xefd29e7177a61ff8080bd4a9e78c0a2f74309d35,0
0xf0a345115815bc2c87b0ebe49df8773a71a49063,0
0xf0c34cfb679bb76efe18c37f29e87babd243cdb4,0
0xf19ca06d3daa826a7f48eeccdd54eee0aa020473,0
0xf1a44dd4773a5a5b19fdee0670d2360bd574087d,0.0952
0xf1c2e041ab05d5330c43d974a1278d17f15d46fb,0
0xf2031b3a119e93c5d13b3b0d1af6251e5aebe735,0
0xf239872d609f31590ea42984bd62f918f75c661f,0
0xf23bc2d6e33840d61c9673a611a9bdcccd53bfd3,0
0xf3175c969a7fff999d7c711649dcb8770c15b12a,0
0xf369af914dbed0ad7afdddebc631ee0fda1b4891,0.0104
0xf37216a8ac034d08b4663108d7532dfcb44583ed,0
0xf3799e6e97a2768deb1a07be6eb2b109405812b6,0.2
0xf39d30fa570db7940e5b3a3e42694665a1449e4b,0
0xf3ae3bbdeb2fb7f9c32fbb1f4fbdaf1150a1c5ce,0
0xf3ae4bb5691b9d45461cdcdd4becb0c9986a3237,0
0xf3c97135aa789fd6437d5bb67d32307bd7edac16,0.1
0xf4a56e108a3d33a57697249b841c63303cbbaa20,0
0xf4be0077f4d287644d83eac1491b8d8077aeed7d,0
0xf563f100df419ccde59bfbe0692fc4c5bfe01706,0.0783
0xf5913843d34c0081f05a46417f19ef4d7475ab03,0
0xf5afea4d587ba47e43062215263328275ade995d,0
0xf5b9a5159cb45efcba4f499b7b19667eaa649134,0.004908153322247669
0xf6871f2bbdcb48b09672457012b904badc56fe4c,0
0xf6955b7bec5bf89e8c59e59582e557389c15fc74,0
0xf75200b7684a120fba433145609112616749c082,0
0xf77ec3420f18a462631bef70ff27051d4cf36b9d,0
0xf7b9f23a22eafd0924dc17f91e7552452ca88105,0
0xf7f577445b4ce09d4c7ea2f032842a1d59d8f2a5,0
0xf8875523cbd4226369cc7022f208f2609adc1d0e,0
0xf8a099545c0f2c3d3e547c048c2f5589e53b54d5,0
0xf8b316e1dcbd6427f3c5717d88ce7867f05fc82c,0.02
0xf92b8c0688ef1df15fe3c3299fc052cb950731c7,0
0xf94860deaf3f2a6cd787045f58b1f8c0aa4088a1,0
0xf94b3aa4415a14b289e329f9a75323656a2dcbc2,0
0xfa318139b5a4af35984e628d3e9e74c3fa8a2757,0.01
0xfa60afa393305055c3d93738b588c5da38882590,0
0xfa9692665c4273c6c7ed8ca898054f039496609e,0
0xfae4635c606cfa79f114364b32a51fedceb73f0e,0
0xfaff9a8e78ba6ceaee89269b6d7a00e97d097ed0,0
0xfb6223ea050a0956cdf294129a00f66b5ae4f5a5,0
0xfb952164e65b193690584710857ede256ea41759,0
0xfbf0125e56a20f2bf5b0a4f1ff821375bb4d1195,0
0xfbfbfb591677fa2785475abc50afccc3266d5f72,0
0xfc42559af01202d0b07713866d870c88afbf9996,0.01
0xfcbbfd74830bb33368e6306d64d53821da3da28b,16.5383
0xfcc21467aad0b321ac22bf6b249191365e695294,0.0299
0xfcf82ae7bd5267463cbf8ab2c9b23a5840577c6e,0.4478
0xfd0101d908bf7e4a03168b6e90aa7f1e70606225,0
0xfd1935fd3c8f49723deb7296c58ba4bb1a0e48e1,0
0xfd37054ce8864b205156a505a2d65a96a1ab8c06,0.01
0xfd42b98e2ec50a6d29eae10923dd9aef60178457,0
0xfdcd6e562912fd4bd899b733944509da12419977,0
0xfdd43923340736ffbcb31c808ac644922c1df05d,0.00981275
0xfdd650e5838fb21ead6479c7430da3f9cb3a833f,0
0xfeff33456de40aa9ffc85b796cb731b91ea6eb04,0
0xff16d64179a02d6a56a1183a28f1d6293646e2dd,0
0xff2c6985c156a44ad8e9b3e80a3ab14ba920da65,0
0xff5c3a4bb576890b1bfde786507564fd0fc8630f,0
0xff659461bb2f7353fdf9d93d452d607a015fc4d5,0
0xff6c422c6e9a53200798a771f25b72b96d4eca64,0
0xff770424739a77b8990632c75ed859b74c0ef749,0
0xff90345796e31637404227b8a32889fc900542a2,0.01
0xffa8271d4abff4e800b53d3b621fedc582936cbe,0.01
0xffeb82e2dca6842afaf696d96191372994dac86d,0

